path,day_name,file_name,day_number,letter_class,day_letter
DAY1/e-00212.tif,DAY1,e-00212.tif,0,e,e0
DAY1/h-00359.tif,DAY1,h-00359.tif,0,h,h0
DAY1/g-00319.tif,DAY1,g-00319.tif,0,g,g0
DAY1/b-00072.tif,DAY1,b-00072.tif,0,b,b0
DAY1/f-00253.tif,DAY1,f-00253.tif,0,f,f0
DAY1/a-00018.tif,DAY1,a-00018.tif,0,a,a0
DAY1/d-00176.tif,DAY1,d-00176.tif,0,d,d0
DAY1/f-00256.tif,DAY1,f-00256.tif,0,f,f0
DAY1/h-00372.tif,DAY1,h-00372.tif,0,h,h0
DAY1/b-00094.tif,DAY1,b-00094.tif,0,b,b0
DAY1/h-00405.tif,DAY1,h-00405.tif,0,h,h0
DAY1/g-00313.tif,DAY1,g-00313.tif,0,g,g0
DAY1/a-00024.tif,DAY1,a-00024.tif,0,a,a0
DAY1/e-00233.tif,DAY1,e-00233.tif,0,e,e0
DAY1/d-00164.tif,DAY1,d-00164.tif,0,d,d0
DAY1/f-00288.tif,DAY1,f-00288.tif,0,f,f0
DAY1/e-00226.tif,DAY1,e-00226.tif,0,e,e0
DAY1/g-00343.tif,DAY1,g-00343.tif,0,g,g0
DAY1/f-00258.tif,DAY1,f-00258.tif,0,f,f0
DAY1/e-00204.tif,DAY1,e-00204.tif,0,e,e0
DAY1/c-00121.tif,DAY1,c-00121.tif,0,c,c0
DAY1/d-00186.tif,DAY1,d-00186.tif,0,d,d0
DAY1/g-00329.tif,DAY1,g-00329.tif,0,g,g0
DAY1/e-00243.tif,DAY1,e-00243.tif,0,e,e0
DAY1/h-00352.tif,DAY1,h-00352.tif,0,h,h0
DAY1/g-00326.tif,DAY1,g-00326.tif,0,g,g0
DAY1/h-00373.tif,DAY1,h-00373.tif,0,h,h0
DAY1/d-00155.tif,DAY1,d-00155.tif,0,d,d0
DAY1/c-00131.tif,DAY1,c-00131.tif,0,c,c0
DAY1/e-00247.tif,DAY1,e-00247.tif,0,e,e0
DAY1/a-00009.tif,DAY1,a-00009.tif,0,a,a0
DAY1/a-00029.tif,DAY1,a-00029.tif,0,a,a0
DAY1/b-00085.tif,DAY1,b-00085.tif,0,b,b0
DAY1/c-00101.tif,DAY1,c-00101.tif,0,c,c0
DAY1/b-00053.tif,DAY1,b-00053.tif,0,b,b0
DAY1/c-00144.tif,DAY1,c-00144.tif,0,c,c0
DAY1/f-00266.tif,DAY1,f-00266.tif,0,f,f0
DAY1/e-00223.tif,DAY1,e-00223.tif,0,e,e0
DAY1/h-00413.tif,DAY1,h-00413.tif,0,h,h0
DAY1/h-00381.tif,DAY1,h-00381.tif,0,h,h0
DAY1/h-00357.tif,DAY1,h-00357.tif,0,h,h0
DAY1/d-00162.tif,DAY1,d-00162.tif,0,d,d0
DAY1/d-00195.tif,DAY1,d-00195.tif,0,d,d0
DAY1/f-00276.tif,DAY1,f-00276.tif,0,f,f0
DAY1/h-00351.tif,DAY1,h-00351.tif,0,h,h0
DAY1/c-00124.tif,DAY1,c-00124.tif,0,c,c0
DAY1/b-00077.tif,DAY1,b-00077.tif,0,b,b0
DAY1/g-00335.tif,DAY1,g-00335.tif,0,g,g0
DAY1/b-00088.tif,DAY1,b-00088.tif,0,b,b0
DAY1/d-00185.tif,DAY1,d-00185.tif,0,d,d0
DAY1/c-00141.tif,DAY1,c-00141.tif,0,c,c0
DAY1/f-00295.tif,DAY1,f-00295.tif,0,f,f0
DAY1/a-00046.tif,DAY1,a-00046.tif,0,a,a0
DAY1/c-00118.tif,DAY1,c-00118.tif,0,c,c0
DAY1/b-00093.tif,DAY1,b-00093.tif,0,b,b0
DAY1/h-00389.tif,DAY1,h-00389.tif,0,h,h0
DAY1/f-00274.tif,DAY1,f-00274.tif,0,f,f0
DAY1/d-00157.tif,DAY1,d-00157.tif,0,d,d0
DAY1/d-00154.tif,DAY1,d-00154.tif,0,d,d0
DAY1/g-00340.tif,DAY1,g-00340.tif,0,g,g0
DAY1/h-00398.tif,DAY1,h-00398.tif,0,h,h0
DAY1/d-00170.tif,DAY1,d-00170.tif,0,d,d0
DAY1/h-00356.tif,DAY1,h-00356.tif,0,h,h0
DAY1/b-00057.tif,DAY1,b-00057.tif,0,b,b0
DAY1/f-00264.tif,DAY1,f-00264.tif,0,f,f0
DAY1/g-00316.tif,DAY1,g-00316.tif,0,g,g0
DAY1/h-00384.tif,DAY1,h-00384.tif,0,h,h0
DAY1/a-00030.tif,DAY1,a-00030.tif,0,a,a0
DAY1/b-00064.tif,DAY1,b-00064.tif,0,b,b0
DAY1/b-00082.tif,DAY1,b-00082.tif,0,b,b0
DAY1/cl00426.tif,DAY1,cl00426.tif,0,c,c0
DAY1/f-00270.tif,DAY1,f-00270.tif,0,f,f0
DAY1/b-00073.tif,DAY1,b-00073.tif,0,b,b0
DAY1/a-00001.tif,DAY1,a-00001.tif,0,a,a0
DAY1/b-00074.tif,DAY1,b-00074.tif,0,b,b0
DAY1/b-00062.tif,DAY1,b-00062.tif,0,b,b0
DAY1/f-00254.tif,DAY1,f-00254.tif,0,f,f0
DAY1/g-00338.tif,DAY1,g-00338.tif,0,g,g0
DAY1/f-00280.tif,DAY1,f-00280.tif,0,f,f0
DAY1/f-00294.tif,DAY1,f-00294.tif,0,f,f0
DAY1/g-00308.tif,DAY1,g-00308.tif,0,g,g0
DAY1/a-00028.tif,DAY1,a-00028.tif,0,a,a0
DAY1/b-00069.tif,DAY1,b-00069.tif,0,b,b0
DAY1/a-00020.tif,DAY1,a-00020.tif,0,a,a0
DAY1/d-00152.tif,DAY1,d-00152.tif,0,d,d0
DAY1/c-00127.tif,DAY1,c-00127.tif,0,c,c0
DAY1/h-00375.tif,DAY1,h-00375.tif,0,h,h0
DAY1/d-00197.tif,DAY1,d-00197.tif,0,d,d0
DAY1/f-00267.tif,DAY1,f-00267.tif,0,f,f0
DAY1/f-00285.tif,DAY1,f-00285.tif,0,f,f0
DAY1/b-00076.tif,DAY1,b-00076.tif,0,b,b0
DAY1/h-00403.tif,DAY1,h-00403.tif,0,h,h0
DAY1/h-00385.tif,DAY1,h-00385.tif,0,h,h0
DAY1/g-00314.tif,DAY1,g-00314.tif,0,g,g0
DAY1/a-00014.tif,DAY1,a-00014.tif,0,a,a0
DAY1/d-00174.tif,DAY1,d-00174.tif,0,d,d0
DAY1/e-00234.tif,DAY1,e-00234.tif,0,e,e0
DAY1/b-00059.tif,DAY1,b-00059.tif,0,b,b0
DAY1/c-00104.tif,DAY1,c-00104.tif,0,c,c0
DAY1/h-00412.tif,DAY1,h-00412.tif,0,h,h0
DAY1/b-00065.tif,DAY1,b-00065.tif,0,b,b0
DAY1/g-00344.tif,DAY1,g-00344.tif,0,g,g0
DAY1/e-00201.tif,DAY1,e-00201.tif,0,e,e0
DAY1/b-00080.tif,DAY1,b-00080.tif,0,b,b0
DAY1/h-00361.tif,DAY1,h-00361.tif,0,h,h0
DAY1/h-00393.tif,DAY1,h-00393.tif,0,h,h0
DAY1/c-00146.tif,DAY1,c-00146.tif,0,c,c0
DAY1/a-00048.tif,DAY1,a-00048.tif,0,a,a0
DAY1/d-00172.tif,DAY1,d-00172.tif,0,d,d0
DAY1/b-00083.tif,DAY1,b-00083.tif,0,b,b0
DAY1/h-00396.tif,DAY1,h-00396.tif,0,h,h0
DAY1/a-00022.tif,DAY1,a-00022.tif,0,a,a0
DAY1/f-00260.tif,DAY1,f-00260.tif,0,f,f0
DAY1/d-00182.tif,DAY1,d-00182.tif,0,d,d0
DAY1/a-00013.tif,DAY1,a-00013.tif,0,a,a0
DAY1/f-00298.tif,DAY1,f-00298.tif,0,f,f0
DAY1/h-00421.tif,DAY1,h-00421.tif,0,h,h0
DAY1/g-00349.tif,DAY1,g-00349.tif,0,g,g0
DAY1/f-00292.tif,DAY1,f-00292.tif,0,f,f0
DAY1/f-00275.tif,DAY1,f-00275.tif,0,f,f0
DAY1/d-00181.tif,DAY1,d-00181.tif,0,d,d0
DAY1/c-00145.tif,DAY1,c-00145.tif,0,c,c0
DAY1/e-00222.tif,DAY1,e-00222.tif,0,e,e0
DAY1/d-00179.tif,DAY1,d-00179.tif,0,d,d0
DAY1/b-00060.tif,DAY1,b-00060.tif,0,b,b0
DAY1/d-00153.tif,DAY1,d-00153.tif,0,d,d0
DAY1/h-00365.tif,DAY1,h-00365.tif,0,h,h0
DAY1/d-00158.tif,DAY1,d-00158.tif,0,d,d0
DAY1/h-00407.tif,DAY1,h-00407.tif,0,h,h0
DAY1/h-00404.tif,DAY1,h-00404.tif,0,h,h0
DAY1/c-00107.tif,DAY1,c-00107.tif,0,c,c0
DAY1/a-00033.tif,DAY1,a-00033.tif,0,a,a0
DAY1/g-00330.tif,DAY1,g-00330.tif,0,g,g0
DAY1/e-00250.tif,DAY1,e-00250.tif,0,e,e0
DAY1/a-00035.tif,DAY1,a-00035.tif,0,a,a0
DAY1/a-00032.tif,DAY1,a-00032.tif,0,a,a0
DAY1/b-00061.tif,DAY1,b-00061.tif,0,b,b0
DAY1/cl00429.tif,DAY1,cl00429.tif,0,c,c0
DAY1/b-00099.tif,DAY1,b-00099.tif,0,b,b0
DAY1/c-00133.tif,DAY1,c-00133.tif,0,c,c0
DAY1/a-00011.tif,DAY1,a-00011.tif,0,a,a0
DAY1/a-00003.tif,DAY1,a-00003.tif,0,a,a0
DAY1/e-00232.tif,DAY1,e-00232.tif,0,e,e0
DAY1/e-00216.tif,DAY1,e-00216.tif,0,e,e0
DAY1/a-00039.tif,DAY1,a-00039.tif,0,a,a0
DAY1/f-00278.tif,DAY1,f-00278.tif,0,f,f0
DAY1/h-00418.tif,DAY1,h-00418.tif,0,h,h0
DAY1/h-00364.tif,DAY1,h-00364.tif,0,h,h0
DAY1/e-00248.tif,DAY1,e-00248.tif,0,e,e0
DAY1/h-00379.tif,DAY1,h-00379.tif,0,h,h0
DAY1/g-00321.tif,DAY1,g-00321.tif,0,g,g0
DAY1/b-00090.tif,DAY1,b-00090.tif,0,b,b0
DAY1/h-00415.tif,DAY1,h-00415.tif,0,h,h0
DAY1/c-00139.tif,DAY1,c-00139.tif,0,c,c0
DAY1/b-00098.tif,DAY1,b-00098.tif,0,b,b0
DAY1/f-00289.tif,DAY1,f-00289.tif,0,f,f0
DAY1/c-00126.tif,DAY1,c-00126.tif,0,c,c0
DAY1/h-00411.tif,DAY1,h-00411.tif,0,h,h0
DAY1/f-00252.tif,DAY1,f-00252.tif,0,f,f0
DAY1/f-00273.tif,DAY1,f-00273.tif,0,f,f0
DAY1/cl00432.tif,DAY1,cl00432.tif,0,c,c0
DAY1/a-00045.tif,DAY1,a-00045.tif,0,a,a0
DAY1/d-00193.tif,DAY1,d-00193.tif,0,d,d0
DAY1/c-00123.tif,DAY1,c-00123.tif,0,c,c0
DAY1/c-00117.tif,DAY1,c-00117.tif,0,c,c0
DAY1/e-00235.tif,DAY1,e-00235.tif,0,e,e0
DAY1/c-00120.tif,DAY1,c-00120.tif,0,c,c0
DAY1/e-00208.tif,DAY1,e-00208.tif,0,e,e0
DAY1/d-00198.tif,DAY1,d-00198.tif,0,d,d0
DAY1/b-00089.tif,DAY1,b-00089.tif,0,b,b0
DAY1/f-00281.tif,DAY1,f-00281.tif,0,f,f0
DAY1/h-00374.tif,DAY1,h-00374.tif,0,h,h0
DAY1/a-00015.tif,DAY1,a-00015.tif,0,a,a0
DAY1/c-00149.tif,DAY1,c-00149.tif,0,c,c0
DAY1/e-00249.tif,DAY1,e-00249.tif,0,e,e0
DAY1/a-00031.tif,DAY1,a-00031.tif,0,a,a0
DAY1/d-00169.tif,DAY1,d-00169.tif,0,d,d0
DAY1/a-00002.tif,DAY1,a-00002.tif,0,a,a0
DAY1/g-00312.tif,DAY1,g-00312.tif,0,g,g0
DAY1/a-00034.tif,DAY1,a-00034.tif,0,a,a0
DAY1/e-00225.tif,DAY1,e-00225.tif,0,e,e0
DAY1/g-00350.tif,DAY1,g-00350.tif,0,g,g0
DAY1/d-00166.tif,DAY1,d-00166.tif,0,d,d0
DAY1/h-00402.tif,DAY1,h-00402.tif,0,h,h0
DAY1/e-00230.tif,DAY1,e-00230.tif,0,e,e0
DAY1/h-00399.tif,DAY1,h-00399.tif,0,h,h0
DAY1/worm00219.tif,DAY1,worm00219.tif,0,w,w0
DAY1/c-00110.tif,DAY1,c-00110.tif,0,c,c0
DAY1/c-00148.tif,DAY1,c-00148.tif,0,c,c0
DAY1/c-00140.tif,DAY1,c-00140.tif,0,c,c0
DAY1/h-00368.tif,DAY1,h-00368.tif,0,h,h0
DAY1/h-00395.tif,DAY1,h-00395.tif,0,h,h0
DAY1/h-00406.tif,DAY1,h-00406.tif,0,h,h0
DAY1/e-00228.tif,DAY1,e-00228.tif,0,e,e0
DAY1/e-00236.tif,DAY1,e-00236.tif,0,e,e0
DAY1/f-00277.tif,DAY1,f-00277.tif,0,f,f0
DAY1/e-00205.tif,DAY1,e-00205.tif,0,e,e0
DAY1/f-00259.tif,DAY1,f-00259.tif,0,f,f0
DAY1/d-00151.tif,DAY1,d-00151.tif,0,d,d0
DAY1/f-00268.tif,DAY1,f-00268.tif,0,f,f0
DAY1/c-00102.tif,DAY1,c-00102.tif,0,c,c0
DAY1/c-00134.tif,DAY1,c-00134.tif,0,c,c0
DAY1/a-00047.tif,DAY1,a-00047.tif,0,a,a0
DAY1/b-00071.tif,DAY1,b-00071.tif,0,b,b0
DAY1/h-00382.tif,DAY1,h-00382.tif,0,h,h0
DAY1/worm00220.tif,DAY1,worm00220.tif,0,w,w0
DAY1/g-00324.tif,DAY1,g-00324.tif,0,g,g0
DAY1/a-00006.tif,DAY1,a-00006.tif,0,a,a0
DAY1/b-00066.tif,DAY1,b-00066.tif,0,b,b0
DAY1/e-00206.tif,DAY1,e-00206.tif,0,e,e0
DAY1/g-00331.tif,DAY1,g-00331.tif,0,g,g0
DAY1/f-00261.tif,DAY1,f-00261.tif,0,f,f0
DAY1/e-00207.tif,DAY1,e-00207.tif,0,e,e0
DAY1/g-00325.tif,DAY1,g-00325.tif,0,g,g0
DAY1/cl00425.tif,DAY1,cl00425.tif,0,c,c0
DAY1/f-00287.tif,DAY1,f-00287.tif,0,f,f0
DAY1/h-00400.tif,DAY1,h-00400.tif,0,h,h0
DAY1/h-00366.tif,DAY1,h-00366.tif,0,h,h0
DAY1/h-00422.tif,DAY1,h-00422.tif,0,h,h0
DAY1/g-00315.tif,DAY1,g-00315.tif,0,g,g0
DAY1/g-00304.tif,DAY1,g-00304.tif,0,g,g0
DAY1/d-00177.tif,DAY1,d-00177.tif,0,d,d0
DAY1/d-00190.tif,DAY1,d-00190.tif,0,d,d0
DAY1/c-00125.tif,DAY1,c-00125.tif,0,c,c0
DAY1/a-00049.tif,DAY1,a-00049.tif,0,a,a0
DAY1/h-00376.tif,DAY1,h-00376.tif,0,h,h0
DAY1/g-00307.tif,DAY1,g-00307.tif,0,g,g0
DAY1/d-00200.tif,DAY1,d-00200.tif,0,d,d0
DAY1/f-00299.tif,DAY1,f-00299.tif,0,f,f0
DAY1/c-00109.tif,DAY1,c-00109.tif,0,c,c0
DAY1/g-00323.tif,DAY1,g-00323.tif,0,g,g0
DAY1/h-00419.tif,DAY1,h-00419.tif,0,h,h0
DAY1/c-00136.tif,DAY1,c-00136.tif,0,c,c0
DAY1/h-00363.tif,DAY1,h-00363.tif,0,h,h0
DAY1/h-00371.tif,DAY1,h-00371.tif,0,h,h0
DAY1/c-00115.tif,DAY1,c-00115.tif,0,c,c0
DAY1/e-00218.tif,DAY1,e-00218.tif,0,e,e0
DAY1/a-00004.tif,DAY1,a-00004.tif,0,a,a0
DAY1/c-00143.tif,DAY1,c-00143.tif,0,c,c0
DAY1/f-00296.tif,DAY1,f-00296.tif,0,f,f0
DAY1/g-00341.tif,DAY1,g-00341.tif,0,g,g0
DAY1/f-00257.tif,DAY1,f-00257.tif,0,f,f0
DAY1/f-00297.tif,DAY1,f-00297.tif,0,f,f0
DAY1/f-00282.tif,DAY1,f-00282.tif,0,f,f0
DAY1/g-00334.tif,DAY1,g-00334.tif,0,g,g0
DAY1/a-00021.tif,DAY1,a-00021.tif,0,a,a0
DAY1/g-00311.tif,DAY1,g-00311.tif,0,g,g0
DAY1/d-00184.tif,DAY1,d-00184.tif,0,d,d0
DAY1/a-00019.tif,DAY1,a-00019.tif,0,a,a0
DAY1/b-00075.tif,DAY1,b-00075.tif,0,b,b0
DAY1/cl00428.tif,DAY1,cl00428.tif,0,c,c0
DAY1/h-00380.tif,DAY1,h-00380.tif,0,h,h0
DAY1/c-00113.tif,DAY1,c-00113.tif,0,c,c0
DAY1/b-00056.tif,DAY1,b-00056.tif,0,b,b0
DAY1/d-00156.tif,DAY1,d-00156.tif,0,d,d0
DAY1/e-00214.tif,DAY1,e-00214.tif,0,e,e0
DAY1/h-00414.tif,DAY1,h-00414.tif,0,h,h0
DAY1/c-00147.tif,DAY1,c-00147.tif,0,c,c0
DAY1/a-00041.tif,DAY1,a-00041.tif,0,a,a0
DAY1/cl00431.tif,DAY1,cl00431.tif,0,c,c0
DAY1/e-00245.tif,DAY1,e-00245.tif,0,e,e0
DAY1/d-00187.tif,DAY1,d-00187.tif,0,d,d0
DAY1/h-00367.tif,DAY1,h-00367.tif,0,h,h0
DAY1/d-00194.tif,DAY1,d-00194.tif,0,d,d0
DAY1/d-00159.tif,DAY1,d-00159.tif,0,d,d0
DAY1/g-00333.tif,DAY1,g-00333.tif,0,g,g0
DAY1/f-00265.tif,DAY1,f-00265.tif,0,f,f0
DAY1/f-00290.tif,DAY1,f-00290.tif,0,f,f0
DAY1/a-00043.tif,DAY1,a-00043.tif,0,a,a0
DAY1/h-00378.tif,DAY1,h-00378.tif,0,h,h0
DAY1/e-00215.tif,DAY1,e-00215.tif,0,e,e0
DAY1/h-00358.tif,DAY1,h-00358.tif,0,h,h0
DAY1/a-00025.tif,DAY1,a-00025.tif,0,a,a0
DAY1/d-00168.tif,DAY1,d-00168.tif,0,d,d0
DAY1/h-00353.tif,DAY1,h-00353.tif,0,h,h0
DAY1/b-00063.tif,DAY1,b-00063.tif,0,b,b0
DAY1/g-00342.tif,DAY1,g-00342.tif,0,g,g0
DAY1/c-00116.tif,DAY1,c-00116.tif,0,c,c0
DAY1/d-00196.tif,DAY1,d-00196.tif,0,d,d0
DAY1/d-00178.tif,DAY1,d-00178.tif,0,d,d0
DAY1/g-00345.tif,DAY1,g-00345.tif,0,g,g0
DAY1/f-00291.tif,DAY1,f-00291.tif,0,f,f0
DAY1/g-00348.tif,DAY1,g-00348.tif,0,g,g0
DAY1/f-00286.tif,DAY1,f-00286.tif,0,f,f0
DAY1/e-00217.tif,DAY1,e-00217.tif,0,e,e0
DAY1/e-00239.tif,DAY1,e-00239.tif,0,e,e0
DAY1/a-00017.tif,DAY1,a-00017.tif,0,a,a0
DAY1/h-00387.tif,DAY1,h-00387.tif,0,h,h0
DAY1/d-00163.tif,DAY1,d-00163.tif,0,d,d0
DAY1/c-00114.tif,DAY1,c-00114.tif,0,c,c0
DAY1/b-00097.tif,DAY1,b-00097.tif,0,b,b0
DAY1/g-00306.tif,DAY1,g-00306.tif,0,g,g0
DAY1/f-00262.tif,DAY1,f-00262.tif,0,f,f0
DAY1/h-00370.tif,DAY1,h-00370.tif,0,h,h0
DAY1/b-00086.tif,DAY1,b-00086.tif,0,b,b0
DAY1/h-00354.tif,DAY1,h-00354.tif,0,h,h0
DAY1/c-00106.tif,DAY1,c-00106.tif,0,c,c0
DAY1/h-00362.tif,DAY1,h-00362.tif,0,h,h0
DAY1/h-00416.tif,DAY1,h-00416.tif,0,h,h0
DAY1/a-00040.tif,DAY1,a-00040.tif,0,a,a0
DAY1/c-00103.tif,DAY1,c-00103.tif,0,c,c0
DAY1/g-00309.tif,DAY1,g-00309.tif,0,g,g0
DAY1/e-00231.tif,DAY1,e-00231.tif,0,e,e0
DAY1/g-00320.tif,DAY1,g-00320.tif,0,g,g0
DAY1/h-00408.tif,DAY1,h-00408.tif,0,h,h0
DAY1/e-00203.tif,DAY1,e-00203.tif,0,e,e0
DAY1/h-00394.tif,DAY1,h-00394.tif,0,h,h0
DAY1/d-00189.tif,DAY1,d-00189.tif,0,d,d0
DAY1/h-00383.tif,DAY1,h-00383.tif,0,h,h0
DAY1/f-00279.tif,DAY1,f-00279.tif,0,f,f0
DAY1/c-00150.tif,DAY1,c-00150.tif,0,c,c0
DAY1/b-00095.tif,DAY1,b-00095.tif,0,b,b0
DAY1/h-00392.tif,DAY1,h-00392.tif,0,h,h0
DAY1/b-00052.tif,DAY1,b-00052.tif,0,b,b0
DAY1/c-00142.tif,DAY1,c-00142.tif,0,c,c0
DAY1/e-00227.tif,DAY1,e-00227.tif,0,e,e0
DAY1/d-00192.tif,DAY1,d-00192.tif,0,d,d0
DAY1/c-00128.tif,DAY1,c-00128.tif,0,c,c0
DAY1/b-00058.tif,DAY1,b-00058.tif,0,b,b0
DAY1/h-00391.tif,DAY1,h-00391.tif,0,h,h0
DAY1/b-00096.tif,DAY1,b-00096.tif,0,b,b0
DAY1/d-00183.tif,DAY1,d-00183.tif,0,d,d0
DAY1/g-00317.tif,DAY1,g-00317.tif,0,g,g0
DAY1/c-00130.tif,DAY1,c-00130.tif,0,c,c0
DAY1/e-00246.tif,DAY1,e-00246.tif,0,e,e0
DAY1/e-00211.tif,DAY1,e-00211.tif,0,e,e0
DAY1/b-00051.tif,DAY1,b-00051.tif,0,b,b0
DAY1/a-00012.tif,DAY1,a-00012.tif,0,a,a0
DAY1/a-00038.tif,DAY1,a-00038.tif,0,a,a0
DAY1/g-00318.tif,DAY1,g-00318.tif,0,g,g0
DAY1/a-00010.tif,DAY1,a-00010.tif,0,a,a0
DAY1/h-00410.tif,DAY1,h-00410.tif,0,h,h0
DAY1/d-00180.tif,DAY1,d-00180.tif,0,d,d0
DAY1/d-00160.tif,DAY1,d-00160.tif,0,d,d0
DAY1/f-00271.tif,DAY1,f-00271.tif,0,f,f0
DAY1/b-00055.tif,DAY1,b-00055.tif,0,b,b0
DAY1/a-00050.tif,DAY1,a-00050.tif,0,a,a0
DAY1/e-00210.tif,DAY1,e-00210.tif,0,e,e0
DAY1/h-00390.tif,DAY1,h-00390.tif,0,h,h0
DAY1/g-00332.tif,DAY1,g-00332.tif,0,g,g0
DAY1/h-00397.tif,DAY1,h-00397.tif,0,h,h0
DAY1/a-00036.tif,DAY1,a-00036.tif,0,a,a0
DAY1/e-00240.tif,DAY1,e-00240.tif,0,e,e0
DAY1/g-00336.tif,DAY1,g-00336.tif,0,g,g0
DAY1/b-00084.tif,DAY1,b-00084.tif,0,b,b0
DAY1/g-00346.tif,DAY1,g-00346.tif,0,g,g0
DAY1/c-00105.tif,DAY1,c-00105.tif,0,c,c0
DAY1/h-00417.tif,DAY1,h-00417.tif,0,h,h0
DAY1/c-00138.tif,DAY1,c-00138.tif,0,c,c0
DAY1/h-00360.tif,DAY1,h-00360.tif,0,h,h0
DAY1/worm00221.tif,DAY1,worm00221.tif,0,w,w0
DAY1/f-00263.tif,DAY1,f-00263.tif,0,f,f0
DAY1/f-00283.tif,DAY1,f-00283.tif,0,f,f0
DAY1/c-00132.tif,DAY1,c-00132.tif,0,c,c0
DAY1/b-00068.tif,DAY1,b-00068.tif,0,b,b0
DAY1/b-00070.tif,DAY1,b-00070.tif,0,b,b0
DAY1/b-00100.tif,DAY1,b-00100.tif,0,b,b0
DAY1/h-00423.tif,DAY1,h-00423.tif,0,h,h0
DAY1/g-00328.tif,DAY1,g-00328.tif,0,g,g0
DAY1/cl00430.tif,DAY1,cl00430.tif,0,c,c0
DAY1/g-00310.tif,DAY1,g-00310.tif,0,g,g0
DAY1/h-00377.tif,DAY1,h-00377.tif,0,h,h0
DAY1/c-00122.tif,DAY1,c-00122.tif,0,c,c0
DAY1/e-00237.tif,DAY1,e-00237.tif,0,e,e0
DAY1/f-00284.tif,DAY1,f-00284.tif,0,f,f0
DAY1/c-00112.tif,DAY1,c-00112.tif,0,c,c0
DAY1/e-00213.tif,DAY1,e-00213.tif,0,e,e0
DAY1/c-00135.tif,DAY1,c-00135.tif,0,c,c0
DAY1/a-00037.tif,DAY1,a-00037.tif,0,a,a0
DAY1/e-00224.tif,DAY1,e-00224.tif,0,e,e0
DAY1/d-00167.tif,DAY1,d-00167.tif,0,d,d0
DAY1/h-00409.tif,DAY1,h-00409.tif,0,h,h0
DAY1/f-00300.tif,DAY1,f-00300.tif,0,f,f0
DAY1/d-00199.tif,DAY1,d-00199.tif,0,d,d0
DAY1/g-00347.tif,DAY1,g-00347.tif,0,g,g0
DAY1/c-00137.tif,DAY1,c-00137.tif,0,c,c0
DAY1/b-00092.tif,DAY1,b-00092.tif,0,b,b0
DAY1/g-00339.tif,DAY1,g-00339.tif,0,g,g0
DAY1/f-00272.tif,DAY1,f-00272.tif,0,f,f0
DAY1/g-00337.tif,DAY1,g-00337.tif,0,g,g0
DAY1/e-00241.tif,DAY1,e-00241.tif,0,e,e0
DAY1/d-00165.tif,DAY1,d-00165.tif,0,d,d0
DAY1/a-00008.tif,DAY1,a-00008.tif,0,a,a0
DAY1/b-00067.tif,DAY1,b-00067.tif,0,b,b0
DAY1/h-00424.tif,DAY1,h-00424.tif,0,h,h0
DAY1/b-00079.tif,DAY1,b-00079.tif,0,b,b0
DAY1/c-00111.tif,DAY1,c-00111.tif,0,c,c0
DAY1/f-00255.tif,DAY1,f-00255.tif,0,f,f0
DAY1/a-00027.tif,DAY1,a-00027.tif,0,a,a0
DAY1/d-00191.tif,DAY1,d-00191.tif,0,d,d0
DAY1/h-00401.tif,DAY1,h-00401.tif,0,h,h0
DAY1/c-00129.tif,DAY1,c-00129.tif,0,c,c0
DAY1/e-00229.tif,DAY1,e-00229.tif,0,e,e0
DAY1/g-00305.tif,DAY1,g-00305.tif,0,g,g0
DAY1/f-00293.tif,DAY1,f-00293.tif,0,f,f0
DAY1/h-00369.tif,DAY1,h-00369.tif,0,h,h0
DAY1/d-00175.tif,DAY1,d-00175.tif,0,d,d0
DAY1/c-00119.tif,DAY1,c-00119.tif,0,c,c0
DAY1/e-00202.tif,DAY1,e-00202.tif,0,e,e0
DAY1/d-00171.tif,DAY1,d-00171.tif,0,d,d0
DAY1/h-00420.tif,DAY1,h-00420.tif,0,h,h0
DAY1/e-00244.tif,DAY1,e-00244.tif,0,e,e0
DAY1/h-00355.tif,DAY1,h-00355.tif,0,h,h0
DAY1/b-00091.tif,DAY1,b-00091.tif,0,b,b0
DAY1/b-00078.tif,DAY1,b-00078.tif,0,b,b0
DAY1/e-00209.tif,DAY1,e-00209.tif,0,e,e0
DAY1/a-00005.tif,DAY1,a-00005.tif,0,a,a0
DAY1/b-00087.tif,DAY1,b-00087.tif,0,b,b0
DAY1/f-00269.tif,DAY1,f-00269.tif,0,f,f0
DAY1/e-00238.tif,DAY1,e-00238.tif,0,e,e0
DAY1/h-00388.tif,DAY1,h-00388.tif,0,h,h0
DAY1/g-00322.tif,DAY1,g-00322.tif,0,g,g0
DAY1/a-00042.tif,DAY1,a-00042.tif,0,a,a0
DAY1/b-00081.tif,DAY1,b-00081.tif,0,b,b0
DAY1/e-00242.tif,DAY1,e-00242.tif,0,e,e0
DAY1/b-00054.tif,DAY1,b-00054.tif,0,b,b0
DAY1/a-00026.tif,DAY1,a-00026.tif,0,a,a0
DAY1/d-00173.tif,DAY1,d-00173.tif,0,d,d0
DAY1/a-00007.tif,DAY1,a-00007.tif,0,a,a0
DAY1/a-00016.tif,DAY1,a-00016.tif,0,a,a0
DAY1/c-00108.tif,DAY1,c-00108.tif,0,c,c0
DAY1/g-00327.tif,DAY1,g-00327.tif,0,g,g0
DAY1/d-00161.tif,DAY1,d-00161.tif,0,d,d0
DAY1/a-00044.tif,DAY1,a-00044.tif,0,a,a0
DAY1/a-00023.tif,DAY1,a-00023.tif,0,a,a0
DAY1/h-00386.tif,DAY1,h-00386.tif,0,h,h0
DAY1/d-00188.tif,DAY1,d-00188.tif,0,d,d0
DAY21/e-00212.tif,DAY21,e-00212.tif,1,e,e3
DAY21/e-00253.tif,DAY21,e-00253.tif,1,e,e3
DAY21/g-00319.tif,DAY21,g-00319.tif,1,g,g3
DAY21/b-00072.tif,DAY21,b-00072.tif,1,b,b3
DAY21/a-00018.tif,DAY21,a-00018.tif,1,a,a3
DAY21/d-00176.tif,DAY21,d-00176.tif,1,d,d3
DAY21/i-00438.tif,DAY21,i-00438.tif,1,i,i3
DAY21/ctrl00472.tif,DAY21,ctrl00472.tif,1,c,c3
DAY21/f-00302.tif,DAY21,f-00302.tif,1,f,f3
DAY21/g-00351.tif,DAY21,g-00351.tif,1,g,g3
DAY21/h-00372.tif,DAY21,h-00372.tif,1,h,h3
DAY21/b-00094.tif,DAY21,b-00094.tif,1,b,b3
DAY21/e-00259.tif,DAY21,e-00259.tif,1,e,e3
DAY21/h-00405.tif,DAY21,h-00405.tif,1,h,h3
DAY21/a-00024.tif,DAY21,a-00024.tif,1,a,a3
DAY21/e-00233.tif,DAY21,e-00233.tif,1,e,e3
DAY21/d-00164.tif,DAY21,d-00164.tif,1,d,d3
DAY21/f-00288.tif,DAY21,f-00288.tif,1,f,f3
DAY21/e-00226.tif,DAY21,e-00226.tif,1,e,e3
DAY21/g-00343.tif,DAY21,g-00343.tif,1,g,g3
DAY21/i-00448.tif,DAY21,i-00448.tif,1,i,i3
DAY21/c-00121.tif,DAY21,c-00121.tif,1,c,c3
DAY21/d-00186.tif,DAY21,d-00186.tif,1,d,d3
DAY21/g-00329.tif,DAY21,g-00329.tif,1,g,g3
DAY21/e-00243.tif,DAY21,e-00243.tif,1,e,e3
DAY21/g-00326.tif,DAY21,g-00326.tif,1,g,g3
DAY21/f-00313.tif,DAY21,f-00313.tif,1,f,f3
DAY21/h-00373.tif,DAY21,h-00373.tif,1,h,h3
DAY21/d-00155.tif,DAY21,d-00155.tif,1,d,d3
DAY21/c-00131.tif,DAY21,c-00131.tif,1,c,c3
DAY21/i-00434.tif,DAY21,i-00434.tif,1,i,i3
DAY21/i-00463.tif,DAY21,i-00463.tif,1,i,i3
DAY21/e-00247.tif,DAY21,e-00247.tif,1,e,e3
DAY21/a-00009.tif,DAY21,a-00009.tif,1,a,a3
DAY21/a-00029.tif,DAY21,a-00029.tif,1,a,a3
DAY21/i-00437.tif,DAY21,i-00437.tif,1,i,i3
DAY21/b-00085.tif,DAY21,b-00085.tif,1,b,b3
DAY21/c-00101.tif,DAY21,c-00101.tif,1,c,c3
DAY21/ctrl00474.tif,DAY21,ctrl00474.tif,1,c,c3
DAY21/i-00427.tif,DAY21,i-00427.tif,1,i,i3
DAY21/b-00053.tif,DAY21,b-00053.tif,1,b,b3
DAY21/c-00144.tif,DAY21,c-00144.tif,1,c,c3
DAY21/f-00266.tif,DAY21,f-00266.tif,1,f,f3
DAY21/e-00223.tif,DAY21,e-00223.tif,1,e,e3
DAY21/h-00413.tif,DAY21,h-00413.tif,1,h,h3
DAY21/i-00464.tif,DAY21,i-00464.tif,1,i,i3
DAY21/i-00433.tif,DAY21,i-00433.tif,1,i,i3
DAY21/f-00306.tif,DAY21,f-00306.tif,1,f,f3
DAY21/h-00381.tif,DAY21,h-00381.tif,1,h,h3
DAY21/d-00162.tif,DAY21,d-00162.tif,1,d,d3
DAY21/d-00195.tif,DAY21,d-00195.tif,1,d,d3
DAY21/f-00276.tif,DAY21,f-00276.tif,1,f,f3
DAY21/ctrl00483.tif,DAY21,ctrl00483.tif,1,c,c3
DAY21/c-00124.tif,DAY21,c-00124.tif,1,c,c3
DAY21/b-00077.tif,DAY21,b-00077.tif,1,b,b3
DAY21/i-00421.tif,DAY21,i-00421.tif,1,i,i3
DAY21/g-00335.tif,DAY21,g-00335.tif,1,g,g3
DAY21/b-00088.tif,DAY21,b-00088.tif,1,b,b3
DAY21/d-00185.tif,DAY21,d-00185.tif,1,d,d3
DAY21/ctrl00480.tif,DAY21,ctrl00480.tif,1,c,c3
DAY21/c-00141.tif,DAY21,c-00141.tif,1,c,c3
DAY21/f-00295.tif,DAY21,f-00295.tif,1,f,f3
DAY21/a-00046.tif,DAY21,a-00046.tif,1,a,a3
DAY21/c-00118.tif,DAY21,c-00118.tif,1,c,c3
DAY21/b-00093.tif,DAY21,b-00093.tif,1,b,b3
DAY21/h-00389.tif,DAY21,h-00389.tif,1,h,h3
DAY21/f-00274.tif,DAY21,f-00274.tif,1,f,f3
DAY21/d-00157.tif,DAY21,d-00157.tif,1,d,d3
DAY21/g-00340.tif,DAY21,g-00340.tif,1,g,g3
DAY21/i-00452.tif,DAY21,i-00452.tif,1,i,i3
DAY21/i-00443.tif,DAY21,i-00443.tif,1,i,i3
DAY21/e-00252.tif,DAY21,e-00252.tif,1,e,e3
DAY21/h-00398.tif,DAY21,h-00398.tif,1,h,h3
DAY21/d-00170.tif,DAY21,d-00170.tif,1,d,d3
DAY21/b-00057.tif,DAY21,b-00057.tif,1,b,b3
DAY21/f-00264.tif,DAY21,f-00264.tif,1,f,f3
DAY21/g-00316.tif,DAY21,g-00316.tif,1,g,g3
DAY21/h-00384.tif,DAY21,h-00384.tif,1,h,h3
DAY21/a-00030.tif,DAY21,a-00030.tif,1,a,a3
DAY21/b-00064.tif,DAY21,b-00064.tif,1,b,b3
DAY21/b-00082.tif,DAY21,b-00082.tif,1,b,b3
DAY21/f-00270.tif,DAY21,f-00270.tif,1,f,f3
DAY21/b-00073.tif,DAY21,b-00073.tif,1,b,b3
DAY21/a-00001.tif,DAY21,a-00001.tif,1,a,a3
DAY21/b-00074.tif,DAY21,b-00074.tif,1,b,b3
DAY21/b-00062.tif,DAY21,b-00062.tif,1,b,b3
DAY21/g-00338.tif,DAY21,g-00338.tif,1,g,g3
DAY21/f-00280.tif,DAY21,f-00280.tif,1,f,f3
DAY21/f-00294.tif,DAY21,f-00294.tif,1,f,f3
DAY21/i-00431.tif,DAY21,i-00431.tif,1,i,i3
DAY21/a-00028.tif,DAY21,a-00028.tif,1,a,a3
DAY21/b-00069.tif,DAY21,b-00069.tif,1,b,b3
DAY21/a-00020.tif,DAY21,a-00020.tif,1,a,a3
DAY21/ctrl00494.tif,DAY21,ctrl00494.tif,1,c,c3
DAY21/d-00202.tif,DAY21,d-00202.tif,1,d,d3
DAY21/i-00441.tif,DAY21,i-00441.tif,1,i,i3
DAY21/i-00469.tif,DAY21,i-00469.tif,1,i,i3
DAY21/c-00127.tif,DAY21,c-00127.tif,1,c,c3
DAY21/h-00375.tif,DAY21,h-00375.tif,1,h,h3
DAY21/ctrl00475.tif,DAY21,ctrl00475.tif,1,c,c3
DAY21/d-00197.tif,DAY21,d-00197.tif,1,d,d3
DAY21/f-00267.tif,DAY21,f-00267.tif,1,f,f3
DAY21/f-00285.tif,DAY21,f-00285.tif,1,f,f3
DAY21/i-00430.tif,DAY21,i-00430.tif,1,i,i3
DAY21/b-00076.tif,DAY21,b-00076.tif,1,b,b3
DAY21/h-00403.tif,DAY21,h-00403.tif,1,h,h3
DAY21/h-00385.tif,DAY21,h-00385.tif,1,h,h3
DAY21/a-00014.tif,DAY21,a-00014.tif,1,a,a3
DAY21/i-00460.tif,DAY21,i-00460.tif,1,i,i3
DAY21/d-00174.tif,DAY21,d-00174.tif,1,d,d3
DAY21/i-00468.tif,DAY21,i-00468.tif,1,i,i3
DAY21/e-00234.tif,DAY21,e-00234.tif,1,e,e3
DAY21/b-00059.tif,DAY21,b-00059.tif,1,b,b3
DAY21/c-00104.tif,DAY21,c-00104.tif,1,c,c3
DAY21/c-00153.tif,DAY21,c-00153.tif,1,c,c3
DAY21/i-00455.tif,DAY21,i-00455.tif,1,i,i3
DAY21/h-00412.tif,DAY21,h-00412.tif,1,h,h3
DAY21/i-00466.tif,DAY21,i-00466.tif,1,i,i3
DAY21/f-00310.tif,DAY21,f-00310.tif,1,f,f3
DAY21/ctrl00484.tif,DAY21,ctrl00484.tif,1,c,c3
DAY21/b-00065.tif,DAY21,b-00065.tif,1,b,b3
DAY21/g-00344.tif,DAY21,g-00344.tif,1,g,g3
DAY21/g-00354.tif,DAY21,g-00354.tif,1,g,g3
DAY21/ctrl00491.tif,DAY21,ctrl00491.tif,1,c,c3
DAY21/b-00080.tif,DAY21,b-00080.tif,1,b,b3
DAY21/h-00393.tif,DAY21,h-00393.tif,1,h,h3
DAY21/f-00314.tif,DAY21,f-00314.tif,1,f,f3
DAY21/c-00146.tif,DAY21,c-00146.tif,1,c,c3
DAY21/a-00048.tif,DAY21,a-00048.tif,1,a,a3
DAY21/d-00172.tif,DAY21,d-00172.tif,1,d,d3
DAY21/b-00083.tif,DAY21,b-00083.tif,1,b,b3
DAY21/d-00203.tif,DAY21,d-00203.tif,1,d,d3
DAY21/f-00305.tif,DAY21,f-00305.tif,1,f,f3
DAY21/h-00396.tif,DAY21,h-00396.tif,1,h,h3
DAY21/a-00022.tif,DAY21,a-00022.tif,1,a,a3
DAY21/d-00182.tif,DAY21,d-00182.tif,1,d,d3
DAY21/a-00013.tif,DAY21,a-00013.tif,1,a,a3
DAY21/f-00298.tif,DAY21,f-00298.tif,1,f,f3
DAY21/c-00154.tif,DAY21,c-00154.tif,1,c,c3
DAY21/ctrl00473.tif,DAY21,ctrl00473.tif,1,c,c3
DAY21/i-00458.tif,DAY21,i-00458.tif,1,i,i3
DAY21/g-00349.tif,DAY21,g-00349.tif,1,g,g3
DAY21/f-00292.tif,DAY21,f-00292.tif,1,f,f3
DAY21/f-00275.tif,DAY21,f-00275.tif,1,f,f3
DAY21/i-00440.tif,DAY21,i-00440.tif,1,i,i3
DAY21/d-00181.tif,DAY21,d-00181.tif,1,d,d3
DAY21/i-00465.tif,DAY21,i-00465.tif,1,i,i3
DAY21/f-00303.tif,DAY21,f-00303.tif,1,f,f3
DAY21/ctrl00493.tif,DAY21,ctrl00493.tif,1,c,c3
DAY21/d-00208.tif,DAY21,d-00208.tif,1,d,d3
DAY21/g-00359.tif,DAY21,g-00359.tif,1,g,g3
DAY21/c-00145.tif,DAY21,c-00145.tif,1,c,c3
DAY21/e-00222.tif,DAY21,e-00222.tif,1,e,e3
DAY21/d-00179.tif,DAY21,d-00179.tif,1,d,d3
DAY21/b-00060.tif,DAY21,b-00060.tif,1,b,b3
DAY21/d-00158.tif,DAY21,d-00158.tif,1,d,d3
DAY21/h-00407.tif,DAY21,h-00407.tif,1,h,h3
DAY21/h-00404.tif,DAY21,h-00404.tif,1,h,h3
DAY21/c-00107.tif,DAY21,c-00107.tif,1,c,c3
DAY21/e-00219.tif,DAY21,e-00219.tif,1,e,e3
DAY21/a-00033.tif,DAY21,a-00033.tif,1,a,a3
DAY21/g-00330.tif,DAY21,g-00330.tif,1,g,g3
DAY21/e-00250.tif,DAY21,e-00250.tif,1,e,e3
DAY21/a-00035.tif,DAY21,a-00035.tif,1,a,a3
DAY21/f-00308.tif,DAY21,f-00308.tif,1,f,f3
DAY21/a-00032.tif,DAY21,a-00032.tif,1,a,a3
DAY21/b-00061.tif,DAY21,b-00061.tif,1,b,b3
DAY21/g-00362.tif,DAY21,g-00362.tif,1,g,g3
DAY21/e-00220.tif,DAY21,e-00220.tif,1,e,e3
DAY21/g-00352.tif,DAY21,g-00352.tif,1,g,g3
DAY21/b-00099.tif,DAY21,b-00099.tif,1,b,b3
DAY21/c-00133.tif,DAY21,c-00133.tif,1,c,c3
DAY21/d-00201.tif,DAY21,d-00201.tif,1,d,d3
DAY21/a-00011.tif,DAY21,a-00011.tif,1,a,a3
DAY21/a-00003.tif,DAY21,a-00003.tif,1,a,a3
DAY21/e-00232.tif,DAY21,e-00232.tif,1,e,e3
DAY21/e-00216.tif,DAY21,e-00216.tif,1,e,e3
DAY21/a-00039.tif,DAY21,a-00039.tif,1,a,a3
DAY21/h-00418.tif,DAY21,h-00418.tif,1,h,h3
DAY21/e-00248.tif,DAY21,e-00248.tif,1,e,e3
DAY21/h-00379.tif,DAY21,h-00379.tif,1,h,h3
DAY21/g-00321.tif,DAY21,g-00321.tif,1,g,g3
DAY21/i-00446.tif,DAY21,i-00446.tif,1,i,i3
DAY21/i-00428.tif,DAY21,i-00428.tif,1,i,i3
DAY21/b-00090.tif,DAY21,b-00090.tif,1,b,b3
DAY21/h-00415.tif,DAY21,h-00415.tif,1,h,h3
DAY21/c-00139.tif,DAY21,c-00139.tif,1,c,c3
DAY21/b-00098.tif,DAY21,b-00098.tif,1,b,b3
DAY21/f-00289.tif,DAY21,f-00289.tif,1,f,f3
DAY21/i-00429.tif,DAY21,i-00429.tif,1,i,i3
DAY21/c-00126.tif,DAY21,c-00126.tif,1,c,c3
DAY21/h-00411.tif,DAY21,h-00411.tif,1,h,h3
DAY21/g-00357.tif,DAY21,g-00357.tif,1,g,g3
DAY21/f-00273.tif,DAY21,f-00273.tif,1,f,f3
DAY21/a-00045.tif,DAY21,a-00045.tif,1,a,a3
DAY21/d-00193.tif,DAY21,d-00193.tif,1,d,d3
DAY21/c-00123.tif,DAY21,c-00123.tif,1,c,c3
DAY21/c-00117.tif,DAY21,c-00117.tif,1,c,c3
DAY21/e-00235.tif,DAY21,e-00235.tif,1,e,e3
DAY21/c-00120.tif,DAY21,c-00120.tif,1,c,c3
DAY21/d-00198.tif,DAY21,d-00198.tif,1,d,d3
DAY21/b-00089.tif,DAY21,b-00089.tif,1,b,b3
DAY21/f-00281.tif,DAY21,f-00281.tif,1,f,f3
DAY21/h-00374.tif,DAY21,h-00374.tif,1,h,h3
DAY21/a-00015.tif,DAY21,a-00015.tif,1,a,a3
DAY21/c-00149.tif,DAY21,c-00149.tif,1,c,c3
DAY21/e-00249.tif,DAY21,e-00249.tif,1,e,e3
DAY21/a-00031.tif,DAY21,a-00031.tif,1,a,a3
DAY21/d-00169.tif,DAY21,d-00169.tif,1,d,d3
DAY21/a-00002.tif,DAY21,a-00002.tif,1,a,a3
DAY21/a-00034.tif,DAY21,a-00034.tif,1,a,a3
DAY21/e-00225.tif,DAY21,e-00225.tif,1,e,e3
DAY21/g-00350.tif,DAY21,g-00350.tif,1,g,g3
DAY21/d-00166.tif,DAY21,d-00166.tif,1,d,d3
DAY21/h-00402.tif,DAY21,h-00402.tif,1,h,h3
DAY21/e-00230.tif,DAY21,e-00230.tif,1,e,e3
DAY21/h-00399.tif,DAY21,h-00399.tif,1,h,h3
DAY21/c-00110.tif,DAY21,c-00110.tif,1,c,c3
DAY21/c-00148.tif,DAY21,c-00148.tif,1,c,c3
DAY21/c-00140.tif,DAY21,c-00140.tif,1,c,c3
DAY21/h-00368.tif,DAY21,h-00368.tif,1,h,h3
DAY21/h-00395.tif,DAY21,h-00395.tif,1,h,h3
DAY21/e-00261.tif,DAY21,e-00261.tif,1,e,e3
DAY21/h-00406.tif,DAY21,h-00406.tif,1,h,h3
DAY21/e-00228.tif,DAY21,e-00228.tif,1,e,e3
DAY21/e-00236.tif,DAY21,e-00236.tif,1,e,e3
DAY21/e-00256.tif,DAY21,e-00256.tif,1,e,e3
DAY21/f-00277.tif,DAY21,f-00277.tif,1,f,f3
DAY21/i-00450.tif,DAY21,i-00450.tif,1,i,i3
DAY21/e-00262.tif,DAY21,e-00262.tif,1,e,e3
DAY21/f-00268.tif,DAY21,f-00268.tif,1,f,f3
DAY21/ctrl00492.tif,DAY21,ctrl00492.tif,1,c,c3
DAY21/c-00102.tif,DAY21,c-00102.tif,1,c,c3
DAY21/c-00134.tif,DAY21,c-00134.tif,1,c,c3
DAY21/a-00047.tif,DAY21,a-00047.tif,1,a,a3
DAY21/b-00071.tif,DAY21,b-00071.tif,1,b,b3
DAY21/h-00382.tif,DAY21,h-00382.tif,1,h,h3
DAY21/g-00324.tif,DAY21,g-00324.tif,1,g,g3
DAY21/a-00006.tif,DAY21,a-00006.tif,1,a,a3
DAY21/b-00066.tif,DAY21,b-00066.tif,1,b,b3
DAY21/g-00331.tif,DAY21,g-00331.tif,1,g,g3
DAY21/i-00439.tif,DAY21,i-00439.tif,1,i,i3
DAY21/g-00325.tif,DAY21,g-00325.tif,1,g,g3
DAY21/f-00287.tif,DAY21,f-00287.tif,1,f,f3
DAY21/i-00426.tif,DAY21,i-00426.tif,1,i,i3
DAY21/h-00400.tif,DAY21,h-00400.tif,1,h,h3
DAY21/h-00366.tif,DAY21,h-00366.tif,1,h,h3
DAY21/d-00205.tif,DAY21,d-00205.tif,1,d,d3
DAY21/d-00177.tif,DAY21,d-00177.tif,1,d,d3
DAY21/d-00190.tif,DAY21,d-00190.tif,1,d,d3
DAY21/c-00125.tif,DAY21,c-00125.tif,1,c,c3
DAY21/a-00049.tif,DAY21,a-00049.tif,1,a,a3
DAY21/f-00304.tif,DAY21,f-00304.tif,1,f,f3
DAY21/h-00376.tif,DAY21,h-00376.tif,1,h,h3
DAY21/d-00200.tif,DAY21,d-00200.tif,1,d,d3
DAY21/f-00299.tif,DAY21,f-00299.tif,1,f,f3
DAY21/c-00109.tif,DAY21,c-00109.tif,1,c,c3
DAY21/g-00323.tif,DAY21,g-00323.tif,1,g,g3
DAY21/i-00442.tif,DAY21,i-00442.tif,1,i,i3
DAY21/h-00419.tif,DAY21,h-00419.tif,1,h,h3
DAY21/g-00360.tif,DAY21,g-00360.tif,1,g,g3
DAY21/f-00311.tif,DAY21,f-00311.tif,1,f,f3
DAY21/c-00136.tif,DAY21,c-00136.tif,1,c,c3
DAY21/h-00371.tif,DAY21,h-00371.tif,1,h,h3
DAY21/g-00358.tif,DAY21,g-00358.tif,1,g,g3
DAY21/f-00301.tif,DAY21,f-00301.tif,1,f,f3
DAY21/c-00115.tif,DAY21,c-00115.tif,1,c,c3
DAY21/e-00218.tif,DAY21,e-00218.tif,1,e,e3
DAY21/e-00221.tif,DAY21,e-00221.tif,1,e,e3
DAY21/a-00004.tif,DAY21,a-00004.tif,1,a,a3
DAY21/c-00143.tif,DAY21,c-00143.tif,1,c,c3
DAY21/f-00296.tif,DAY21,f-00296.tif,1,f,f3
DAY21/g-00341.tif,DAY21,g-00341.tif,1,g,g3
DAY21/f-00297.tif,DAY21,f-00297.tif,1,f,f3
DAY21/f-00282.tif,DAY21,f-00282.tif,1,f,f3
DAY21/g-00334.tif,DAY21,g-00334.tif,1,g,g3
DAY21/a-00021.tif,DAY21,a-00021.tif,1,a,a3
DAY21/d-00184.tif,DAY21,d-00184.tif,1,d,d3
DAY21/a-00019.tif,DAY21,a-00019.tif,1,a,a3
DAY21/b-00075.tif,DAY21,b-00075.tif,1,b,b3
DAY21/h-00380.tif,DAY21,h-00380.tif,1,h,h3
DAY21/c-00113.tif,DAY21,c-00113.tif,1,c,c3
DAY21/b-00056.tif,DAY21,b-00056.tif,1,b,b3
DAY21/d-00156.tif,DAY21,d-00156.tif,1,d,d3
DAY21/e-00214.tif,DAY21,e-00214.tif,1,e,e3
DAY21/h-00414.tif,DAY21,h-00414.tif,1,h,h3
DAY21/c-00147.tif,DAY21,c-00147.tif,1,c,c3
DAY21/a-00041.tif,DAY21,a-00041.tif,1,a,a3
DAY21/i-00445.tif,DAY21,i-00445.tif,1,i,i3
DAY21/e-00245.tif,DAY21,e-00245.tif,1,e,e3
DAY21/d-00187.tif,DAY21,d-00187.tif,1,d,d3
DAY21/h-00367.tif,DAY21,h-00367.tif,1,h,h3
DAY21/d-00194.tif,DAY21,d-00194.tif,1,d,d3
DAY21/d-00159.tif,DAY21,d-00159.tif,1,d,d3
DAY21/g-00333.tif,DAY21,g-00333.tif,1,g,g3
DAY21/f-00265.tif,DAY21,f-00265.tif,1,f,f3
DAY21/f-00290.tif,DAY21,f-00290.tif,1,f,f3
DAY21/a-00043.tif,DAY21,a-00043.tif,1,a,a3
DAY21/h-00378.tif,DAY21,h-00378.tif,1,h,h3
DAY21/e-00215.tif,DAY21,e-00215.tif,1,e,e3
DAY21/a-00025.tif,DAY21,a-00025.tif,1,a,a3
DAY21/f-00315.tif,DAY21,f-00315.tif,1,f,f3
DAY21/i-00456.tif,DAY21,i-00456.tif,1,i,i3
DAY21/d-00168.tif,DAY21,d-00168.tif,1,d,d3
DAY21/b-00063.tif,DAY21,b-00063.tif,1,b,b3
DAY21/g-00342.tif,DAY21,g-00342.tif,1,g,g3
DAY21/c-00116.tif,DAY21,c-00116.tif,1,c,c3
DAY21/d-00196.tif,DAY21,d-00196.tif,1,d,d3
DAY21/i-00447.tif,DAY21,i-00447.tif,1,i,i3
DAY21/d-00178.tif,DAY21,d-00178.tif,1,d,d3
DAY21/g-00345.tif,DAY21,g-00345.tif,1,g,g3
DAY21/f-00291.tif,DAY21,f-00291.tif,1,f,f3
DAY21/g-00348.tif,DAY21,g-00348.tif,1,g,g3
DAY21/ctrl00477.tif,DAY21,ctrl00477.tif,1,c,c3
DAY21/i-00420.tif,DAY21,i-00420.tif,1,i,i3
DAY21/i-00432.tif,DAY21,i-00432.tif,1,i,i3
DAY21/f-00286.tif,DAY21,f-00286.tif,1,f,f3
DAY21/e-00217.tif,DAY21,e-00217.tif,1,e,e3
DAY21/g-00356.tif,DAY21,g-00356.tif,1,g,g3
DAY21/e-00239.tif,DAY21,e-00239.tif,1,e,e3
DAY21/i-00457.tif,DAY21,i-00457.tif,1,i,i3
DAY21/a-00017.tif,DAY21,a-00017.tif,1,a,a3
DAY21/h-00387.tif,DAY21,h-00387.tif,1,h,h3
DAY21/d-00163.tif,DAY21,d-00163.tif,1,d,d3
DAY21/i-00451.tif,DAY21,i-00451.tif,1,i,i3
DAY21/c-00114.tif,DAY21,c-00114.tif,1,c,c3
DAY21/b-00097.tif,DAY21,b-00097.tif,1,b,b3
DAY21/i-00454.tif,DAY21,i-00454.tif,1,i,i3
DAY21/d-00206.tif,DAY21,d-00206.tif,1,d,d3
DAY21/g-00361.tif,DAY21,g-00361.tif,1,g,g3
DAY21/h-00370.tif,DAY21,h-00370.tif,1,h,h3
DAY21/ctrl00489.tif,DAY21,ctrl00489.tif,1,c,c3
DAY21/b-00086.tif,DAY21,b-00086.tif,1,b,b3
DAY21/d-00204.tif,DAY21,d-00204.tif,1,d,d3
DAY21/c-00106.tif,DAY21,c-00106.tif,1,c,c3
DAY21/ctrl00478.tif,DAY21,ctrl00478.tif,1,c,c3
DAY21/h-00416.tif,DAY21,h-00416.tif,1,h,h3
DAY21/c-00151.tif,DAY21,c-00151.tif,1,c,c3
DAY21/a-00040.tif,DAY21,a-00040.tif,1,a,a3
DAY21/f-00312.tif,DAY21,f-00312.tif,1,f,f3
DAY21/c-00103.tif,DAY21,c-00103.tif,1,c,c3
DAY21/ctrl00486.tif,DAY21,ctrl00486.tif,1,c,c3
DAY21/e-00231.tif,DAY21,e-00231.tif,1,e,e3
DAY21/g-00320.tif,DAY21,g-00320.tif,1,g,g3
DAY21/h-00408.tif,DAY21,h-00408.tif,1,h,h3
DAY21/h-00394.tif,DAY21,h-00394.tif,1,h,h3
DAY21/d-00189.tif,DAY21,d-00189.tif,1,d,d3
DAY21/h-00383.tif,DAY21,h-00383.tif,1,h,h3
DAY21/c-00150.tif,DAY21,c-00150.tif,1,c,c3
DAY21/e-00258.tif,DAY21,e-00258.tif,1,e,e3
DAY21/b-00095.tif,DAY21,b-00095.tif,1,b,b3
DAY21/h-00392.tif,DAY21,h-00392.tif,1,h,h3
DAY21/b-00052.tif,DAY21,b-00052.tif,1,b,b3
DAY21/c-00142.tif,DAY21,c-00142.tif,1,c,c3
DAY21/f-00309.tif,DAY21,f-00309.tif,1,f,f3
DAY21/e-00227.tif,DAY21,e-00227.tif,1,e,e3
DAY21/d-00192.tif,DAY21,d-00192.tif,1,d,d3
DAY21/e-00260.tif,DAY21,e-00260.tif,1,e,e3
DAY21/c-00128.tif,DAY21,c-00128.tif,1,c,c3
DAY21/b-00058.tif,DAY21,b-00058.tif,1,b,b3
DAY21/h-00391.tif,DAY21,h-00391.tif,1,h,h3
DAY21/b-00096.tif,DAY21,b-00096.tif,1,b,b3
DAY21/d-00183.tif,DAY21,d-00183.tif,1,d,d3
DAY21/ctrl00479.tif,DAY21,ctrl00479.tif,1,c,c3
DAY21/g-00317.tif,DAY21,g-00317.tif,1,g,g3
DAY21/c-00130.tif,DAY21,c-00130.tif,1,c,c3
DAY21/e-00246.tif,DAY21,e-00246.tif,1,e,e3
DAY21/e-00211.tif,DAY21,e-00211.tif,1,e,e3
DAY21/b-00051.tif,DAY21,b-00051.tif,1,b,b3
DAY21/a-00012.tif,DAY21,a-00012.tif,1,a,a3
DAY21/a-00038.tif,DAY21,a-00038.tif,1,a,a3
DAY21/d-00207.tif,DAY21,d-00207.tif,1,d,d3
DAY21/g-00318.tif,DAY21,g-00318.tif,1,g,g3
DAY21/a-00010.tif,DAY21,a-00010.tif,1,a,a3
DAY21/h-00410.tif,DAY21,h-00410.tif,1,h,h3
DAY21/d-00180.tif,DAY21,d-00180.tif,1,d,d3
DAY21/d-00160.tif,DAY21,d-00160.tif,1,d,d3
DAY21/f-00271.tif,DAY21,f-00271.tif,1,f,f3
DAY21/b-00055.tif,DAY21,b-00055.tif,1,b,b3
DAY21/a-00050.tif,DAY21,a-00050.tif,1,a,a3
DAY21/e-00210.tif,DAY21,e-00210.tif,1,e,e3
DAY21/h-00390.tif,DAY21,h-00390.tif,1,h,h3
DAY21/g-00332.tif,DAY21,g-00332.tif,1,g,g3
DAY21/h-00397.tif,DAY21,h-00397.tif,1,h,h3
DAY21/a-00036.tif,DAY21,a-00036.tif,1,a,a3
DAY21/i-00453.tif,DAY21,i-00453.tif,1,i,i3
DAY21/c-00152.tif,DAY21,c-00152.tif,1,c,c3
DAY21/e-00240.tif,DAY21,e-00240.tif,1,e,e3
DAY21/g-00336.tif,DAY21,g-00336.tif,1,g,g3
DAY21/b-00084.tif,DAY21,b-00084.tif,1,b,b3
DAY21/g-00363.tif,DAY21,g-00363.tif,1,g,g3
DAY21/ctrl00485.tif,DAY21,ctrl00485.tif,1,c,c3
DAY21/g-00346.tif,DAY21,g-00346.tif,1,g,g3
DAY21/c-00105.tif,DAY21,c-00105.tif,1,c,c3
DAY21/h-00417.tif,DAY21,h-00417.tif,1,h,h3
DAY21/f-00307.tif,DAY21,f-00307.tif,1,f,f3
DAY21/c-00138.tif,DAY21,c-00138.tif,1,c,c3
DAY21/f-00263.tif,DAY21,f-00263.tif,1,f,f3
DAY21/f-00283.tif,DAY21,f-00283.tif,1,f,f3
DAY21/i-00424.tif,DAY21,i-00424.tif,1,i,i3
DAY21/c-00132.tif,DAY21,c-00132.tif,1,c,c3
DAY21/b-00068.tif,DAY21,b-00068.tif,1,b,b3
DAY21/b-00070.tif,DAY21,b-00070.tif,1,b,b3
DAY21/e-00251.tif,DAY21,e-00251.tif,1,e,e3
DAY21/b-00100.tif,DAY21,b-00100.tif,1,b,b3
DAY21/i-00436.tif,DAY21,i-00436.tif,1,i,i3
DAY21/ctrl00490.tif,DAY21,ctrl00490.tif,1,c,c3
DAY21/g-00328.tif,DAY21,g-00328.tif,1,g,g3
DAY21/i-00425.tif,DAY21,i-00425.tif,1,i,i3
DAY21/ctrl00471.tif,DAY21,ctrl00471.tif,1,c,c3
DAY21/g-00353.tif,DAY21,g-00353.tif,1,g,g3
DAY21/i-00459.tif,DAY21,i-00459.tif,1,i,i3
DAY21/h-00377.tif,DAY21,h-00377.tif,1,h,h3
DAY21/c-00122.tif,DAY21,c-00122.tif,1,c,c3
DAY21/e-00237.tif,DAY21,e-00237.tif,1,e,e3
DAY21/f-00284.tif,DAY21,f-00284.tif,1,f,f3
DAY21/c-00112.tif,DAY21,c-00112.tif,1,c,c3
DAY21/e-00213.tif,DAY21,e-00213.tif,1,e,e3
DAY21/c-00135.tif,DAY21,c-00135.tif,1,c,c3
DAY21/a-00037.tif,DAY21,a-00037.tif,1,a,a3
DAY21/e-00224.tif,DAY21,e-00224.tif,1,e,e3
DAY21/d-00167.tif,DAY21,d-00167.tif,1,d,d3
DAY21/h-00409.tif,DAY21,h-00409.tif,1,h,h3
DAY21/f-00300.tif,DAY21,f-00300.tif,1,f,f3
DAY21/d-00199.tif,DAY21,d-00199.tif,1,d,d3
DAY21/g-00347.tif,DAY21,g-00347.tif,1,g,g3
DAY21/c-00137.tif,DAY21,c-00137.tif,1,c,c3
DAY21/b-00092.tif,DAY21,b-00092.tif,1,b,b3
DAY21/g-00339.tif,DAY21,g-00339.tif,1,g,g3
DAY21/g-00365.tif,DAY21,g-00365.tif,1,g,g3
DAY21/f-00272.tif,DAY21,f-00272.tif,1,f,f3
DAY21/g-00337.tif,DAY21,g-00337.tif,1,g,g3
DAY21/e-00241.tif,DAY21,e-00241.tif,1,e,e3
DAY21/d-00165.tif,DAY21,d-00165.tif,1,d,d3
DAY21/a-00008.tif,DAY21,a-00008.tif,1,a,a3
DAY21/b-00067.tif,DAY21,b-00067.tif,1,b,b3
DAY21/e-00257.tif,DAY21,e-00257.tif,1,e,e3
DAY21/i-00422.tif,DAY21,i-00422.tif,1,i,i3
DAY21/b-00079.tif,DAY21,b-00079.tif,1,b,b3
DAY21/e-00255.tif,DAY21,e-00255.tif,1,e,e3
DAY21/c-00111.tif,DAY21,c-00111.tif,1,c,c3
DAY21/a-00027.tif,DAY21,a-00027.tif,1,a,a3
DAY21/e-00254.tif,DAY21,e-00254.tif,1,e,e3
DAY21/d-00191.tif,DAY21,d-00191.tif,1,d,d3
DAY21/h-00401.tif,DAY21,h-00401.tif,1,h,h3
DAY21/i-00462.tif,DAY21,i-00462.tif,1,i,i3
DAY21/c-00129.tif,DAY21,c-00129.tif,1,c,c3
DAY21/i-00444.tif,DAY21,i-00444.tif,1,i,i3
DAY21/e-00229.tif,DAY21,e-00229.tif,1,e,e3
DAY21/i-00467.tif,DAY21,i-00467.tif,1,i,i3
DAY21/f-00293.tif,DAY21,f-00293.tif,1,f,f3
DAY21/h-00369.tif,DAY21,h-00369.tif,1,h,h3
DAY21/d-00175.tif,DAY21,d-00175.tif,1,d,d3
DAY21/c-00119.tif,DAY21,c-00119.tif,1,c,c3
DAY21/g-00355.tif,DAY21,g-00355.tif,1,g,g3
DAY21/d-00171.tif,DAY21,d-00171.tif,1,d,d3
DAY21/e-00244.tif,DAY21,e-00244.tif,1,e,e3
DAY21/b-00091.tif,DAY21,b-00091.tif,1,b,b3
DAY21/b-00078.tif,DAY21,b-00078.tif,1,b,b3
DAY21/e-00209.tif,DAY21,e-00209.tif,1,e,e3
DAY21/ctrl00476.tif,DAY21,ctrl00476.tif,1,c,c3
DAY21/a-00005.tif,DAY21,a-00005.tif,1,a,a3
DAY21/b-00087.tif,DAY21,b-00087.tif,1,b,b3
DAY21/f-00269.tif,DAY21,f-00269.tif,1,f,f3
DAY21/e-00238.tif,DAY21,e-00238.tif,1,e,e3
DAY21/i-00449.tif,DAY21,i-00449.tif,1,i,i3
DAY21/i-00435.tif,DAY21,i-00435.tif,1,i,i3
DAY21/h-00388.tif,DAY21,h-00388.tif,1,h,h3
DAY21/g-00322.tif,DAY21,g-00322.tif,1,g,g3
DAY21/a-00042.tif,DAY21,a-00042.tif,1,a,a3
DAY21/i-00470.tif,DAY21,i-00470.tif,1,i,i3
DAY21/i-00461.tif,DAY21,i-00461.tif,1,i,i3
DAY21/b-00081.tif,DAY21,b-00081.tif,1,b,b3
DAY21/e-00242.tif,DAY21,e-00242.tif,1,e,e3
DAY21/b-00054.tif,DAY21,b-00054.tif,1,b,b3
DAY21/a-00026.tif,DAY21,a-00026.tif,1,a,a3
DAY21/ctrl00482.tif,DAY21,ctrl00482.tif,1,c,c3
DAY21/d-00173.tif,DAY21,d-00173.tif,1,d,d3
DAY21/g-00364.tif,DAY21,g-00364.tif,1,g,g3
DAY21/a-00007.tif,DAY21,a-00007.tif,1,a,a3
DAY21/a-00016.tif,DAY21,a-00016.tif,1,a,a3
DAY21/i-00423.tif,DAY21,i-00423.tif,1,i,i3
DAY21/c-00108.tif,DAY21,c-00108.tif,1,c,c3
DAY21/g-00327.tif,DAY21,g-00327.tif,1,g,g3
DAY21/d-00161.tif,DAY21,d-00161.tif,1,d,d3
DAY21/a-00044.tif,DAY21,a-00044.tif,1,a,a3
DAY21/a-00023.tif,DAY21,a-00023.tif,1,a,a3
DAY21/ctrl00487.tif,DAY21,ctrl00487.tif,1,c,c3
DAY21/h-00386.tif,DAY21,h-00386.tif,1,h,h3
DAY21/ctrl00488.tif,DAY21,ctrl00488.tif,1,c,c3
DAY21/d-00188.tif,DAY21,d-00188.tif,1,d,d3
DAY21/ctrl00481.tif,DAY21,ctrl00481.tif,1,c,c3
DAY43/d00373.tif,DAY43,d00373.tif,2,d,d6
DAY43/b00408.tif,DAY43,b00408.tif,2,b,b6
DAY43/b00390.tif,DAY43,b00390.tif,2,b,b6
DAY43/ctrl00002.tif,DAY43,ctrl00002.tif,2,c,c6
DAY43/c00325.tif,DAY43,c00325.tif,2,c,c6
DAY43/e00255.tif,DAY43,e00255.tif,2,e,e6
DAY43/e00232.tif,DAY43,e00232.tif,2,e,e6
DAY43/e00254.tif,DAY43,e00254.tif,2,e,e6
DAY43/f00186.tif,DAY43,f00186.tif,2,f,f6
DAY43/d00377.tif,DAY43,d00377.tif,2,d,d6
DAY43/a00435.tif,DAY43,a00435.tif,2,a,a6
DAY43/e00237.tif,DAY43,e00237.tif,2,e,e6
DAY43/i00049.tif,DAY43,i00049.tif,2,i,i6
DAY43/h00118.tif,DAY43,h00118.tif,2,h,h6
DAY43/f00176.tif,DAY43,f00176.tif,2,f,f6
DAY43/d00333.tif,DAY43,d00333.tif,2,d,d6
DAY43/d00361.tif,DAY43,d00361.tif,2,d,d6
DAY43/c00277.tif,DAY43,c00277.tif,2,c,c6
DAY43/b00407.tif,DAY43,b00407.tif,2,b,b6
DAY43/g00157.tif,DAY43,g00157.tif,2,g,g6
DAY43/ctrl00010.tif,DAY43,ctrl00010.tif,2,c,c6
DAY43/d00346.tif,DAY43,d00346.tif,2,d,d6
DAY43/g00163.tif,DAY43,g00163.tif,2,g,g6
DAY43/i00068.tif,DAY43,i00068.tif,2,i,i6
DAY43/c00308.tif,DAY43,c00308.tif,2,c,c6
DAY43/h00116.tif,DAY43,h00116.tif,2,h,h6
DAY43/h00089.tif,DAY43,h00089.tif,2,h,h6
DAY43/a00454.tif,DAY43,a00454.tif,2,a,a6
DAY43/g00149.tif,DAY43,g00149.tif,2,g,g6
DAY43/b00389.tif,DAY43,b00389.tif,2,b,b6
DAY43/h00072.tif,DAY43,h00072.tif,2,h,h6
DAY43/d00332.tif,DAY43,d00332.tif,2,d,d6
DAY43/h00082.tif,DAY43,h00082.tif,2,h,h6
DAY43/i00055.tif,DAY43,i00055.tif,2,i,i6
DAY43/f00195.tif,DAY43,f00195.tif,2,f,f6
DAY43/d00344.tif,DAY43,d00344.tif,2,d,d6
DAY43/f00215.tif,DAY43,f00215.tif,2,f,f6
DAY43/f00211.tif,DAY43,f00211.tif,2,f,f6
DAY43/c00316.tif,DAY43,c00316.tif,2,c,c6
DAY43/e00249.tif,DAY43,e00249.tif,2,e,e6
DAY43/c00311.tif,DAY43,c00311.tif,2,c,c6
DAY43/h00107.tif,DAY43,h00107.tif,2,h,h6
DAY43/h00071.tif,DAY43,h00071.tif,2,h,h6
DAY43/h00092.tif,DAY43,h00092.tif,2,h,h6
DAY43/e00272.tif,DAY43,e00272.tif,2,e,e6
DAY43/d00362.tif,DAY43,d00362.tif,2,d,d6
DAY43/d00353.tif,DAY43,d00353.tif,2,d,d6
DAY43/d00335.tif,DAY43,d00335.tif,2,d,d6
DAY43/c00321.tif,DAY43,c00321.tif,2,c,c6
DAY43/i00058.tif,DAY43,i00058.tif,2,i,i6
DAY43/c00278.tif,DAY43,c00278.tif,2,c,c6
DAY43/d00376.tif,DAY43,d00376.tif,2,d,d6
DAY43/i00054.tif,DAY43,i00054.tif,2,i,i6
DAY43/b00386.tif,DAY43,b00386.tif,2,b,b6
DAY43/c00285.tif,DAY43,c00285.tif,2,c,c6
DAY43/c00313.tif,DAY43,c00313.tif,2,c,c6
DAY43/h00103.tif,DAY43,h00103.tif,2,h,h6
DAY43/ctrl00016.tif,DAY43,ctrl00016.tif,2,c,c6
DAY43/g00126.tif,DAY43,g00126.tif,2,g,g6
DAY43/f00190.tif,DAY43,f00190.tif,2,f,f6
DAY43/h00074.tif,DAY43,h00074.tif,2,h,h6
DAY43/a00437.tif,DAY43,a00437.tif,2,a,a6
DAY43/d00363.tif,DAY43,d00363.tif,2,d,d6
DAY43/f00223.tif,DAY43,f00223.tif,2,f,f6
DAY43/c00301.tif,DAY43,c00301.tif,2,c,c6
DAY43/d00368.tif,DAY43,d00368.tif,2,d,d6
DAY43/d00341.tif,DAY43,d00341.tif,2,d,d6
DAY43/e00235.tif,DAY43,e00235.tif,2,e,e6
DAY43/g00127.tif,DAY43,g00127.tif,2,g,g6
DAY43/f00221.tif,DAY43,f00221.tif,2,f,f6
DAY43/f00204.tif,DAY43,f00204.tif,2,f,f6
DAY43/a00423.tif,DAY43,a00423.tif,2,a,a6
DAY43/h00114.tif,DAY43,h00114.tif,2,h,h6
DAY43/d00331.tif,DAY43,d00331.tif,2,d,d6
DAY43/d00349.tif,DAY43,d00349.tif,2,d,d6
DAY43/a00447.tif,DAY43,a00447.tif,2,a,a6
DAY43/f00184.tif,DAY43,f00184.tif,2,f,f6
DAY43/e00244.tif,DAY43,e00244.tif,2,e,e6
DAY43/b00397.tif,DAY43,b00397.tif,2,b,b6
DAY43/i00034.tif,DAY43,i00034.tif,2,i,i6
DAY43/f00206.tif,DAY43,f00206.tif,2,f,f6
DAY43/b00384.tif,DAY43,b00384.tif,2,b,b6
DAY43/h00085.tif,DAY43,h00085.tif,2,h,h6
DAY43/e00240.tif,DAY43,e00240.tif,2,e,e6
DAY43/b00402.tif,DAY43,b00402.tif,2,b,b6
DAY43/a00441.tif,DAY43,a00441.tif,2,a,a6
DAY43/d00357.tif,DAY43,d00357.tif,2,d,d6
DAY43/c00276.tif,DAY43,c00276.tif,2,c,c6
DAY43/c00284.tif,DAY43,c00284.tif,2,c,c6
DAY43/c00280.tif,DAY43,c00280.tif,2,c,c6
DAY43/f00193.tif,DAY43,f00193.tif,2,f,f6
DAY43/c00303.tif,DAY43,c00303.tif,2,c,c6
DAY43/b00418.tif,DAY43,b00418.tif,2,b,b6
DAY43/i00039.tif,DAY43,i00039.tif,2,i,i6
DAY43/b00393.tif,DAY43,b00393.tif,2,b,b6
DAY43/e00243.tif,DAY43,e00243.tif,2,e,e6
DAY43/a00460.tif,DAY43,a00460.tif,2,a,a6
DAY43/e00234.tif,DAY43,e00234.tif,2,e,e6
DAY43/e00265.tif,DAY43,e00265.tif,2,e,e6
DAY43/f00220.tif,DAY43,f00220.tif,2,f,f6
DAY43/e00271.tif,DAY43,e00271.tif,2,e,e6
DAY43/i00047.tif,DAY43,i00047.tif,2,i,i6
DAY43/b00392.tif,DAY43,b00392.tif,2,b,b6
DAY43/d00366.tif,DAY43,d00366.tif,2,d,d6
DAY43/g00172.tif,DAY43,g00172.tif,2,g,g6
DAY43/c00286.tif,DAY43,c00286.tif,2,c,c6
DAY43/f00207.tif,DAY43,f00207.tif,2,f,f6
DAY43/d00330.tif,DAY43,d00330.tif,2,d,d6
DAY43/e00236.tif,DAY43,e00236.tif,2,e,e6
DAY43/g00146.tif,DAY43,g00146.tif,2,g,g6
DAY43/i00040.tif,DAY43,i00040.tif,2,i,i6
DAY43/h00120.tif,DAY43,h00120.tif,2,h,h6
DAY43/h00102.tif,DAY43,h00102.tif,2,h,h6
DAY43/b00398.tif,DAY43,b00398.tif,2,b,b6
DAY43/f00218.tif,DAY43,f00218.tif,2,f,f6
DAY43/c00306.tif,DAY43,c00306.tif,2,c,c6
DAY43/c00310.tif,DAY43,c00310.tif,2,c,c6
DAY43/a00449.tif,DAY43,a00449.tif,2,a,a6
DAY43/a00456.tif,DAY43,a00456.tif,2,a,a6
DAY43/g00160.tif,DAY43,g00160.tif,2,g,g6
DAY43/b00396.tif,DAY43,b00396.tif,2,b,b6
DAY43/b00382.tif,DAY43,b00382.tif,2,b,b6
DAY43/i00059.tif,DAY43,i00059.tif,2,i,i6
DAY43/b00395.tif,DAY43,b00395.tif,2,b,b6
DAY43/i00067.tif,DAY43,i00067.tif,2,i,i6
DAY43/a00455.tif,DAY43,a00455.tif,2,a,a6
DAY43/f00198.tif,DAY43,f00198.tif,2,f,f6
DAY43/h00097.tif,DAY43,h00097.tif,2,h,h6
DAY43/f00205.tif,DAY43,f00205.tif,2,f,f6
DAY43/h00081.tif,DAY43,h00081.tif,2,h,h6
DAY43/c00300.tif,DAY43,c00300.tif,2,c,c6
DAY43/e00266.tif,DAY43,e00266.tif,2,e,e6
DAY43/h00112.tif,DAY43,h00112.tif,2,h,h6
DAY43/f00209.tif,DAY43,f00209.tif,2,f,f6
DAY43/a00424.tif,DAY43,a00424.tif,2,a,a6
DAY43/i00050.tif,DAY43,i00050.tif,2,i,i6
DAY43/c00295.tif,DAY43,c00295.tif,2,c,c6
DAY43/b00403.tif,DAY43,b00403.tif,2,b,b6
DAY43/i00062.tif,DAY43,i00062.tif,2,i,i6
DAY43/c00327.tif,DAY43,c00327.tif,2,c,c6
DAY43/g00129.tif,DAY43,g00129.tif,2,g,g6
DAY43/c00326.tif,DAY43,c00326.tif,2,c,c6
DAY43/b00406.tif,DAY43,b00406.tif,2,b,b6
DAY43/e00239.tif,DAY43,e00239.tif,2,e,e6
DAY43/h00080.tif,DAY43,h00080.tif,2,h,h6
DAY43/i00053.tif,DAY43,i00053.tif,2,i,i6
DAY43/a00421.tif,DAY43,a00421.tif,2,a,a6
DAY43/g00152.tif,DAY43,g00152.tif,2,g,g6
DAY43/i00064.tif,DAY43,i00064.tif,2,i,i6
DAY43/d00338.tif,DAY43,d00338.tif,2,d,d6
DAY43/b00410.tif,DAY43,b00410.tif,2,b,b6
DAY43/i00065.tif,DAY43,i00065.tif,2,i,i6
DAY43/d00334.tif,DAY43,d00334.tif,2,d,d6
DAY43/i00027.tif,DAY43,i00027.tif,2,i,i6
DAY43/b00412.tif,DAY43,b00412.tif,2,b,b6
DAY43/c00287.tif,DAY43,c00287.tif,2,c,c6
DAY43/h00117.tif,DAY43,h00117.tif,2,h,h6
DAY43/h00106.tif,DAY43,h00106.tif,2,h,h6
DAY43/c00282.tif,DAY43,c00282.tif,2,c,c6
DAY43/a00443.tif,DAY43,a00443.tif,2,a,a6
DAY43/e00233.tif,DAY43,e00233.tif,2,e,e6
DAY43/d00359.tif,DAY43,d00359.tif,2,d,d6
DAY43/i00030.tif,DAY43,i00030.tif,2,i,i6
DAY43/h00073.tif,DAY43,h00073.tif,2,h,h6
DAY43/b00399.tif,DAY43,b00399.tif,2,b,b6
DAY43/a00438.tif,DAY43,a00438.tif,2,a,a6
DAY43/f00175.tif,DAY43,f00175.tif,2,f,f6
DAY43/d00328.tif,DAY43,d00328.tif,2,d,d6
DAY43/a00452.tif,DAY43,a00452.tif,2,a,a6
DAY43/ctrl00005.tif,DAY43,ctrl00005.tif,2,c,c6
DAY43/d00329.tif,DAY43,d00329.tif,2,d,d6
DAY43/f00200.tif,DAY43,f00200.tif,2,f,f6
DAY43/c00323.tif,DAY43,c00323.tif,2,c,c6
DAY43/d00358.tif,DAY43,d00358.tif,2,d,d6
DAY43/a00453.tif,DAY43,a00453.tif,2,a,a6
DAY43/g00125.tif,DAY43,g00125.tif,2,g,g6
DAY43/a00428.tif,DAY43,a00428.tif,2,a,a6
DAY43/f00177.tif,DAY43,f00177.tif,2,f,f6
DAY43/c00299.tif,DAY43,c00299.tif,2,c,c6
DAY43/i00048.tif,DAY43,i00048.tif,2,i,i6
DAY43/d00367.tif,DAY43,d00367.tif,2,d,d6
DAY43/d00350.tif,DAY43,d00350.tif,2,d,d6
DAY43/i00061.tif,DAY43,i00061.tif,2,i,i6
DAY43/h00096.tif,DAY43,h00096.tif,2,h,h6
DAY43/i00042.tif,DAY43,i00042.tif,2,i,i6
DAY43/d00351.tif,DAY43,d00351.tif,2,d,d6
DAY43/f00180.tif,DAY43,f00180.tif,2,f,f6
DAY43/e00264.tif,DAY43,e00264.tif,2,e,e6
DAY43/f00185.tif,DAY43,f00185.tif,2,f,f6
DAY43/a00445.tif,DAY43,a00445.tif,2,a,a6
DAY43/f00216.tif,DAY43,f00216.tif,2,f,f6
DAY43/c00309.tif,DAY43,c00309.tif,2,c,c6
DAY43/i00066.tif,DAY43,i00066.tif,2,i,i6
DAY43/e00261.tif,DAY43,e00261.tif,2,e,e6
DAY43/f00174.tif,DAY43,f00174.tif,2,f,f6
DAY43/g00162.tif,DAY43,g00162.tif,2,g,g6
DAY43/d00339.tif,DAY43,d00339.tif,2,d,d6
DAY43/g00151.tif,DAY43,g00151.tif,2,g,g6
DAY43/d00354.tif,DAY43,d00354.tif,2,d,d6
DAY43/b00419.tif,DAY43,b00419.tif,2,b,b6
DAY43/d00352.tif,DAY43,d00352.tif,2,d,d6
DAY43/i00024.tif,DAY43,i00024.tif,2,i,i6
DAY43/d00370.tif,DAY43,d00370.tif,2,d,d6
DAY43/a00434.tif,DAY43,a00434.tif,2,a,a6
DAY43/b00411.tif,DAY43,b00411.tif,2,b,b6
DAY43/i00020.tif,DAY43,i00020.tif,2,i,i6
DAY43/e00258.tif,DAY43,e00258.tif,2,e,e6
DAY43/g00161.tif,DAY43,g00161.tif,2,g,g6
DAY43/h00095.tif,DAY43,h00095.tif,2,h,h6
DAY43/g00141.tif,DAY43,g00141.tif,2,g,g6
DAY43/a00439.tif,DAY43,a00439.tif,2,a,a6
DAY43/g00124.tif,DAY43,g00124.tif,2,g,g6
DAY43/e00248.tif,DAY43,e00248.tif,2,e,e6
DAY43/i00069.tif,DAY43,i00069.tif,2,i,i6
DAY43/a00461.tif,DAY43,a00461.tif,2,a,a6
DAY43/e00268.tif,DAY43,e00268.tif,2,e,e6
DAY43/e00226.tif,DAY43,e00226.tif,2,e,e6
DAY43/a00448.tif,DAY43,a00448.tif,2,a,a6
DAY43/e00224.tif,DAY43,e00224.tif,2,e,e6
DAY43/h00100.tif,DAY43,h00100.tif,2,h,h6
DAY43/e00257.tif,DAY43,e00257.tif,2,e,e6
DAY43/b00380.tif,DAY43,b00380.tif,2,b,b6
DAY43/h00086.tif,DAY43,h00086.tif,2,h,h6
DAY43/g00134.tif,DAY43,g00134.tif,2,g,g6
DAY43/h00101.tif,DAY43,h00101.tif,2,h,h6
DAY43/g00171.tif,DAY43,g00171.tif,2,g,g6
DAY43/h00090.tif,DAY43,h00090.tif,2,h,h6
DAY43/a00429.tif,DAY43,a00429.tif,2,a,a6
DAY43/g00133.tif,DAY43,g00133.tif,2,g,g6
DAY43/a00444.tif,DAY43,a00444.tif,2,a,a6
DAY43/g00138.tif,DAY43,g00138.tif,2,g,g6
DAY43/i00028.tif,DAY43,i00028.tif,2,i,i6
DAY43/b00401.tif,DAY43,b00401.tif,2,b,b6
DAY43/f00197.tif,DAY43,f00197.tif,2,f,f6
DAY43/e00228.tif,DAY43,e00228.tif,2,e,e6
DAY43/g00132.tif,DAY43,g00132.tif,2,g,g6
DAY43/i00019.tif,DAY43,i00019.tif,2,i,i6
DAY43/g00130.tif,DAY43,g00130.tif,2,g,g6
DAY43/d00374.tif,DAY43,d00374.tif,2,d,d6
DAY43/i00060.tif,DAY43,i00060.tif,2,i,i6
DAY43/e00269.tif,DAY43,e00269.tif,2,e,e6
DAY43/f00203.tif,DAY43,f00203.tif,2,f,f6
DAY43/i00046.tif,DAY43,i00046.tif,2,i,i6
DAY43/f00189.tif,DAY43,f00189.tif,2,f,f6
DAY43/g00154.tif,DAY43,g00154.tif,2,g,g6
DAY43/f00192.tif,DAY43,f00192.tif,2,f,f6
DAY43/f00194.tif,DAY43,f00194.tif,2,f,f6
DAY43/a00422.tif,DAY43,a00422.tif,2,a,a6
DAY43/f00202.tif,DAY43,f00202.tif,2,f,f6
DAY43/i00025.tif,DAY43,i00025.tif,2,i,i6
DAY43/g00137.tif,DAY43,g00137.tif,2,g,g6
DAY43/a00462.tif,DAY43,a00462.tif,2,a,a6
DAY43/a00457.tif,DAY43,a00457.tif,2,a,a6
DAY43/c00314.tif,DAY43,c00314.tif,2,c,c6
DAY43/i00023.tif,DAY43,i00023.tif,2,i,i6
DAY43/a00432.tif,DAY43,a00432.tif,2,a,a6
DAY43/a00458.tif,DAY43,a00458.tif,2,a,a6
DAY43/e00256.tif,DAY43,e00256.tif,2,e,e6
DAY43/d00360.tif,DAY43,d00360.tif,2,d,d6
DAY43/e00246.tif,DAY43,e00246.tif,2,e,e6
DAY43/g00165.tif,DAY43,g00165.tif,2,g,g6
DAY43/b00378.tif,DAY43,b00378.tif,2,b,b6
DAY43/c00298.tif,DAY43,c00298.tif,2,c,c6
DAY43/f00212.tif,DAY43,f00212.tif,2,f,f6
DAY43/g00139.tif,DAY43,g00139.tif,2,g,g6
DAY43/h00119.tif,DAY43,h00119.tif,2,h,h6
DAY43/c00296.tif,DAY43,c00296.tif,2,c,c6
DAY43/f00191.tif,DAY43,f00191.tif,2,f,f6
DAY43/e00247.tif,DAY43,e00247.tif,2,e,e6
DAY43/f00181.tif,DAY43,f00181.tif,2,f,f6
DAY43/c00312.tif,DAY43,c00312.tif,2,c,c6
DAY43/i00026.tif,DAY43,i00026.tif,2,i,i6
DAY43/g00131.tif,DAY43,g00131.tif,2,g,g6
DAY43/c00283.tif,DAY43,c00283.tif,2,c,c6
DAY43/e00273.tif,DAY43,e00273.tif,2,e,e6
DAY43/b00391.tif,DAY43,b00391.tif,2,b,b6
DAY43/d00343.tif,DAY43,d00343.tif,2,d,d6
DAY43/h00110.tif,DAY43,h00110.tif,2,h,h6
DAY43/c00305.tif,DAY43,c00305.tif,2,c,c6
DAY43/f00188.tif,DAY43,f00188.tif,2,f,f6
DAY43/ctrl00014.tif,DAY43,ctrl00014.tif,2,c,c6
DAY43/ctrl00006.tif,DAY43,ctrl00006.tif,2,c,c6
DAY43/g00122.tif,DAY43,g00122.tif,2,g,g6
DAY43/g00136.tif,DAY43,g00136.tif,2,g,g6
DAY43/i00031.tif,DAY43,i00031.tif,2,i,i6
DAY43/a00430.tif,DAY43,a00430.tif,2,a,a6
DAY43/i00038.tif,DAY43,i00038.tif,2,i,i6
DAY43/a00440.tif,DAY43,a00440.tif,2,a,a6
DAY43/e00267.tif,DAY43,e00267.tif,2,e,e6
DAY43/e00241.tif,DAY43,e00241.tif,2,e,e6
DAY43/b00414.tif,DAY43,b00414.tif,2,b,b6
DAY43/ctrl00004.tif,DAY43,ctrl00004.tif,2,c,c6
DAY43/g00144.tif,DAY43,g00144.tif,2,g,g6
DAY43/h00075.tif,DAY43,h00075.tif,2,h,h6
DAY43/i00022.tif,DAY43,i00022.tif,2,i,i6
DAY43/h00094.tif,DAY43,h00094.tif,2,h,h6
DAY43/h00108.tif,DAY43,h00108.tif,2,h,h6
DAY43/f00179.tif,DAY43,f00179.tif,2,f,f6
DAY43/c00281.tif,DAY43,c00281.tif,2,c,c6
DAY43/g00173.tif,DAY43,g00173.tif,2,g,g6
DAY43/f00210.tif,DAY43,f00210.tif,2,f,f6
DAY43/i00063.tif,DAY43,i00063.tif,2,i,i6
DAY43/h00084.tif,DAY43,h00084.tif,2,h,h6
DAY43/b00381.tif,DAY43,b00381.tif,2,b,b6
DAY43/g00166.tif,DAY43,g00166.tif,2,g,g6
DAY43/a00450.tif,DAY43,a00450.tif,2,a,a6
DAY43/b00388.tif,DAY43,b00388.tif,2,b,b6
DAY43/c00297.tif,DAY43,c00297.tif,2,c,c6
DAY43/f00196.tif,DAY43,f00196.tif,2,f,f6
DAY43/g00135.tif,DAY43,g00135.tif,2,g,g6
DAY43/e00242.tif,DAY43,e00242.tif,2,e,e6
DAY43/i00070.tif,DAY43,i00070.tif,2,i,i6
DAY43/h00088.tif,DAY43,h00088.tif,2,h,h6
DAY43/g00169.tif,DAY43,g00169.tif,2,g,g6
DAY43/ctrl00008.tif,DAY43,ctrl00008.tif,2,c,c6
DAY43/f00222.tif,DAY43,f00222.tif,2,f,f6
DAY43/c00292.tif,DAY43,c00292.tif,2,c,c6
DAY43/ctrl00011.tif,DAY43,ctrl00011.tif,2,c,c6
DAY43/e00238.tif,DAY43,e00238.tif,2,e,e6
DAY43/g00158.tif,DAY43,g00158.tif,2,g,g6
DAY43/h00091.tif,DAY43,h00091.tif,2,h,h6
DAY43/c00319.tif,DAY43,c00319.tif,2,c,c6
DAY43/g00170.tif,DAY43,g00170.tif,2,g,g6
DAY43/d00356.tif,DAY43,d00356.tif,2,d,d6
DAY43/e00245.tif,DAY43,e00245.tif,2,e,e6
DAY43/e00229.tif,DAY43,e00229.tif,2,e,e6
DAY43/g00143.tif,DAY43,g00143.tif,2,g,g6
DAY43/i00051.tif,DAY43,i00051.tif,2,i,i6
DAY43/a00425.tif,DAY43,a00425.tif,2,a,a6
DAY43/a00433.tif,DAY43,a00433.tif,2,a,a6
DAY43/c00294.tif,DAY43,c00294.tif,2,c,c6
DAY43/g00142.tif,DAY43,g00142.tif,2,g,g6
DAY43/e00253.tif,DAY43,e00253.tif,2,e,e6
DAY43/c00293.tif,DAY43,c00293.tif,2,c,c6
DAY43/e00252.tif,DAY43,e00252.tif,2,e,e6
DAY43/i00032.tif,DAY43,i00032.tif,2,i,i6
DAY43/g00153.tif,DAY43,g00153.tif,2,g,g6
DAY43/f00217.tif,DAY43,f00217.tif,2,f,f6
DAY43/i00052.tif,DAY43,i00052.tif,2,i,i6
DAY43/i00057.tif,DAY43,i00057.tif,2,i,i6
DAY43/f00208.tif,DAY43,f00208.tif,2,f,f6
DAY43/c00307.tif,DAY43,c00307.tif,2,c,c6
DAY43/ctrl00009.tif,DAY43,ctrl00009.tif,2,c,c6
DAY43/h00093.tif,DAY43,h00093.tif,2,h,h6
DAY43/g00155.tif,DAY43,g00155.tif,2,g,g6
DAY43/e00263.tif,DAY43,e00263.tif,2,e,e6
DAY43/d00375.tif,DAY43,d00375.tif,2,d,d6
DAY43/c00322.tif,DAY43,c00322.tif,2,c,c6
DAY43/d00342.tif,DAY43,d00342.tif,2,d,d6
DAY43/ctrl00015.tif,DAY43,ctrl00015.tif,2,c,c6
DAY43/e00227.tif,DAY43,e00227.tif,2,e,e6
DAY43/c00289.tif,DAY43,c00289.tif,2,c,c6
DAY43/a00442.tif,DAY43,a00442.tif,2,a,a6
DAY43/i00037.tif,DAY43,i00037.tif,2,i,i6
DAY43/f00213.tif,DAY43,f00213.tif,2,f,f6
DAY43/b00413.tif,DAY43,b00413.tif,2,b,b6
DAY43/g00128.tif,DAY43,g00128.tif,2,g,g6
DAY43/i00021.tif,DAY43,i00021.tif,2,i,i6
DAY43/e00225.tif,DAY43,e00225.tif,2,e,e6
DAY43/h00113.tif,DAY43,h00113.tif,2,h,h6
DAY43/i00045.tif,DAY43,i00045.tif,2,i,i6
DAY43/h00115.tif,DAY43,h00115.tif,2,h,h6
DAY43/ctrl00003.tif,DAY43,ctrl00003.tif,2,c,c6
DAY43/d00336.tif,DAY43,d00336.tif,2,d,d6
DAY43/c00315.tif,DAY43,c00315.tif,2,c,c6
DAY43/e00270.tif,DAY43,e00270.tif,2,e,e6
DAY43/i00041.tif,DAY43,i00041.tif,2,i,i6
DAY43/d00355.tif,DAY43,d00355.tif,2,d,d6
DAY43/e00260.tif,DAY43,e00260.tif,2,e,e6
DAY43/g00123.tif,DAY43,g00123.tif,2,g,g6
DAY43/i00035.tif,DAY43,i00035.tif,2,i,i6
DAY43/h00099.tif,DAY43,h00099.tif,2,h,h6
DAY43/d00365.tif,DAY43,d00365.tif,2,d,d6
DAY43/e00250.tif,DAY43,e00250.tif,2,e,e6
DAY43/d00347.tif,DAY43,d00347.tif,2,d,d6
DAY43/ctrl00007.tif,DAY43,ctrl00007.tif,2,c,c6
DAY43/f00183.tif,DAY43,f00183.tif,2,f,f6
DAY43/g00168.tif,DAY43,g00168.tif,2,g,g6
DAY43/f00187.tif,DAY43,f00187.tif,2,f,f6
DAY43/h00083.tif,DAY43,h00083.tif,2,h,h6
DAY43/a00420.tif,DAY43,a00420.tif,2,a,a6
DAY43/i00033.tif,DAY43,i00033.tif,2,i,i6
DAY43/g00121.tif,DAY43,g00121.tif,2,g,g6
DAY43/g00148.tif,DAY43,g00148.tif,2,g,g6
DAY43/d00345.tif,DAY43,d00345.tif,2,d,d6
DAY43/ctrl00012.tif,DAY43,ctrl00012.tif,2,c,c6
DAY43/h00077.tif,DAY43,h00077.tif,2,h,h6
DAY43/c00320.tif,DAY43,c00320.tif,2,c,c6
DAY43/h00098.tif,DAY43,h00098.tif,2,h,h6
DAY43/c00288.tif,DAY43,c00288.tif,2,c,c6
DAY43/d00371.tif,DAY43,d00371.tif,2,d,d6
DAY43/b00387.tif,DAY43,b00387.tif,2,b,b6
DAY43/c00317.tif,DAY43,c00317.tif,2,c,c6
DAY43/a00427.tif,DAY43,a00427.tif,2,a,a6
DAY43/c00304.tif,DAY43,c00304.tif,2,c,c6
DAY43/d00364.tif,DAY43,d00364.tif,2,d,d6
DAY43/c00279.tif,DAY43,c00279.tif,2,c,c6
DAY43/b00400.tif,DAY43,b00400.tif,2,b,b6
DAY43/f00182.tif,DAY43,f00182.tif,2,f,f6
DAY43/b00383.tif,DAY43,b00383.tif,2,b,b6
DAY43/h00079.tif,DAY43,h00079.tif,2,h,h6
DAY43/h00111.tif,DAY43,h00111.tif,2,h,h6
DAY43/d00372.tif,DAY43,d00372.tif,2,d,d6
DAY43/b00404.tif,DAY43,b00404.tif,2,b,b6
DAY43/d00369.tif,DAY43,d00369.tif,2,d,d6
DAY43/i00044.tif,DAY43,i00044.tif,2,i,i6
DAY43/a00426.tif,DAY43,a00426.tif,2,a,a6
DAY43/g00164.tif,DAY43,g00164.tif,2,g,g6
DAY43/ctrl00001.tif,DAY43,ctrl00001.tif,2,c,c6
DAY43/g00150.tif,DAY43,g00150.tif,2,g,g6
DAY43/i00056.tif,DAY43,i00056.tif,2,i,i6
DAY43/i00036.tif,DAY43,i00036.tif,2,i,i6
DAY43/c00291.tif,DAY43,c00291.tif,2,c,c6
DAY43/g00156.tif,DAY43,g00156.tif,2,g,g6
DAY43/h00076.tif,DAY43,h00076.tif,2,h,h6
DAY43/b00379.tif,DAY43,b00379.tif,2,b,b6
DAY43/f00178.tif,DAY43,f00178.tif,2,f,f6
DAY43/f00199.tif,DAY43,f00199.tif,2,f,f6
DAY43/b00394.tif,DAY43,b00394.tif,2,b,b6
DAY43/c00274.tif,DAY43,c00274.tif,2,c,c6
DAY43/a00446.tif,DAY43,a00446.tif,2,a,a6
DAY43/a00451.tif,DAY43,a00451.tif,2,a,a6
DAY43/g00147.tif,DAY43,g00147.tif,2,g,g6
DAY43/b00415.tif,DAY43,b00415.tif,2,b,b6
DAY43/b00409.tif,DAY43,b00409.tif,2,b,b6
DAY43/g00140.tif,DAY43,g00140.tif,2,g,g6
DAY43/c00324.tif,DAY43,c00324.tif,2,c,c6
DAY43/c00275.tif,DAY43,c00275.tif,2,c,c6
DAY43/b00385.tif,DAY43,b00385.tif,2,b,b6
DAY43/d00337.tif,DAY43,d00337.tif,2,d,d6
DAY43/e00262.tif,DAY43,e00262.tif,2,e,e6
DAY43/g00167.tif,DAY43,g00167.tif,2,g,g6
DAY43/f00219.tif,DAY43,f00219.tif,2,f,f6
DAY43/ctrl00017.tif,DAY43,ctrl00017.tif,2,c,c6
DAY43/b00417.tif,DAY43,b00417.tif,2,b,b6
DAY43/a00436.tif,DAY43,a00436.tif,2,a,a6
DAY43/e00231.tif,DAY43,e00231.tif,2,e,e6
DAY43/b00405.tif,DAY43,b00405.tif,2,b,b6
DAY43/g00145.tif,DAY43,g00145.tif,2,g,g6
DAY43/c00318.tif,DAY43,c00318.tif,2,c,c6
DAY43/h00078.tif,DAY43,h00078.tif,2,h,h6
DAY43/e00251.tif,DAY43,e00251.tif,2,e,e6
DAY43/c00302.tif,DAY43,c00302.tif,2,c,c6
DAY43/f00201.tif,DAY43,f00201.tif,2,f,f6
DAY43/i00029.tif,DAY43,i00029.tif,2,i,i6
DAY43/f00214.tif,DAY43,f00214.tif,2,f,f6
DAY43/b00416.tif,DAY43,b00416.tif,2,b,b6
DAY43/e00230.tif,DAY43,e00230.tif,2,e,e6
DAY43/d00348.tif,DAY43,d00348.tif,2,d,d6
DAY43/h00105.tif,DAY43,h00105.tif,2,h,h6
DAY43/c00290.tif,DAY43,c00290.tif,2,c,c6
DAY43/i00043.tif,DAY43,i00043.tif,2,i,i6
DAY43/h00104.tif,DAY43,h00104.tif,2,h,h6
DAY43/e00259.tif,DAY43,e00259.tif,2,e,e6
DAY43/ctrl00013.tif,DAY43,ctrl00013.tif,2,c,c6
DAY43/d00340.tif,DAY43,d00340.tif,2,d,d6
DAY43/g00159.tif,DAY43,g00159.tif,2,g,g6
DAY43/h00087.tif,DAY43,h00087.tif,2,h,h6
DAY43/ctrl00018.tif,DAY43,ctrl00018.tif,2,c,c6
DAY43/h00109.tif,DAY43,h00109.tif,2,h,h6
DAY43/a00459.tif,DAY43,a00459.tif,2,a,a6
DAY43/a00431.tif,DAY43,a00431.tif,2,a,a6
